round,verification_link,scoring_link,verification_status,scoring_status
2026-08-31T22:56:00+00:00,https://api.theminos.ai/verification/round/2026-08-31T22%3A56%3A00%2B00%3A00,https://api.theminos.ai/scoring/rounds/2026-08-31T22%3A56%3A00%2B00%3A00/leaderboard,200,200
2026-08-31T21:44:00+00:00,https://api.theminos.ai/verification/round/2026-08-31T21%3A44%3A00%2B00%3A00,https://api.theminos.ai/scoring/rounds/2026-08-31T21%3A44%3A00%2B00%3A00/leaderboard,200,200
2026-08-31T20:32:00+00:00,https://api.theminos.ai/verification/round/2026-08-31T20%3A32%3A00%2B00%3A00,https://api.theminos.ai/scoring/rounds/2026-08-31T20%3A32%3A00%2B00%3A00/leaderboard,200,200
2026-08-31T19:20:00+00:00,https://api.theminos.ai/verification/round/2026-08-31T19%3A20%3A00%2B00%3A00,https://api.theminos.ai/scoring/rounds/2026-08-31T19%3A20%3A00%2B00%3A00/leaderboard,200,200
2026-08-31T18:08:00+00:00,https://api.theminos.ai/verification/round/2026-08-31T18%3A08%3A00%2B00%3A00,https://api.theminos.ai/scoring/rounds/2026-08-31T18%3A08%3A00%2B00%3A00/leaderboard,200,200
2026-08-31T16:56:00+00:00,https://api.theminos.ai/verification/round/2026-08-31T16%3A56%3A00%2B00%3A00,https://api.theminos.ai/scoring/rounds/2026-08-31T16%3A56%3A00%2B00%3A00/leaderboard,200,200
2026-08-31T15:44:00+00:00,https://api.theminos.ai/verification/round/2026-08-31T15%3A44%3A00%2B00%3A00,https://api.theminos.ai/scoring/rounds/2026-08-31T15%3A44%3A00%2B00%3A00/leaderboard,200,200
2026-08-31T14:32:00+00:00,https://api.theminos.ai/verification/round/2026-08-31T14%3A32%3A00%2B00%3A00,https://api.theminos.ai/scoring/rounds/2026-08-31T14%3A32%3A00%2B00%3A00/leaderboard,200,200
2026-08-31T13:20:00+00:00,https://api.theminos.ai/verification/round/2026-08-31T13%3A20%3A00%2B00%3A00,https://api.theminos.ai/scoring/rounds/2026-08-31T13%3A20%3A00%2B00%3A00/leaderboard,200,200
2026-08-31T12:08:00+00:00,https://api.theminos.ai/verification/round/2026-08-31T12%3A08%3A00%2B00%3A00,https://api.theminos.ai/scoring/rounds/2026-08-31T12%3A08%3A00%2B00%3A00/leaderboard,200,200
2026-08-31T10:56:00+00:00,https://api.theminos.ai/verification/round/2026-08-31T10%3A56%3A00%2B00%3A00,https://api.theminos.ai/scoring/rounds/2026-08-31T10%3A56%3A00%2B00%3A00/leaderboard,200,200
2026-08-31T09:44:00+00:00,https://api.theminos.ai/verification/round/2026-08-31T09%3A44%3A00%2B00%3A00,https://api.theminos.ai/scoring/rounds/2026-08-31T09%3A44%3A00%2B00%3A00/leaderboard,200,200
2026-08-31T08:32:00+00:00,https://api.theminos.ai/verification/round/2026-08-31T08%3A32%3A00%2B00%3A00,https://api.theminos.ai/scoring/rounds/2026-08-31T08%3A32%3A00%2B00%3A00/leaderboard,200,200
2026-08-31T07:20:00+00:00,https://api.theminos.ai/verification/round/2026-08-31T07%3A20%3A00%2B00%3A00,https://api.theminos.ai/scoring/rounds/2026-08-31T07%3A20%3A00%2B00%3A00/leaderboard,200,200
2026-08-31T06:08:00+00:00,https://api.theminos.ai/verification/round/2026-08-31T06%3A08%3A00%2B00%3A00,https://api.theminos.ai/scoring/rounds/2026-08-31T06%3A08%3A00%2B00%3A00/leaderboard,200,200
2026-08-31T04:56:00+00:00,https://api.theminos.ai/verification/round/2026-08-31T04%3A56%3A00%2B00%3A00,https://api.theminos.ai/scoring/rounds/2026-08-31T04%3A56%3A00%2B00%3A00/leaderboard,200,200
2026-08-31T03:44:00+00:00,https://api.theminos.ai/verification/round/2026-08-31T03%3A44%3A00%2B00%3A00,https://api.theminos.ai/scoring/rounds/2026-08-31T03%3A44%3A00%2B00%3A00/leaderboard,200,200
2026-08-31T02:32:00+00:00,https://api.theminos.ai/verification/round/2026-08-31T02%3A32%3A00%2B00%3A00,https://api.theminos.ai/scoring/rounds/2026-08-31T02%3A32%3A00%2B00%3A00/leaderboard,200,200
2026-08-31T01:20:00+00:00,https://api.theminos.ai/verification/round/2026-08-31T01%3A20%3A00%2B00%3A00,https://api.theminos.ai/scoring/rounds/2026-08-31T01%3A20%3A00%2B00%3A00/leaderboard,200,200
2026-08-31T00:08:00+00:00,https://api.theminos.ai/verification/round/2026-08-31T00%3A08%3A00%2B00%3A00,https://api.theminos.ai/scoring/rounds/2026-08-31T00%3A08%3A00%2B00%3A00/leaderboard,200,200
2026-08-30T22:56:00+00:00,https://api.theminos.ai/verification/round/2026-08-30T22%3A56%3A00%2B00%3A00,https://api.theminos.ai/scoring/rounds/2026-08-30T22%3A56%3A00%2B00%3A00/leaderboard,200,200
2026-08-30T21:44:00+00:00,https://api.theminos.ai/verification/round/2026-08-30T21%3A44%3A00%2B00%3A00,https://api.theminos.ai/scoring/rounds/2026-08-30T21%3A44%3A00%2B00%3A00/leaderboard,200,200
2026-08-30T20:32:00+00:00,https://api.theminos.ai/verification/round/2026-08-30T20%3A32%3A00%2B00%3A00,https://api.theminos.ai/scoring/rounds/2026-08-30T20%3A32%3A00%2B00%3A00/leaderboard,200,200
2026-08-30T19:20:00+00:00,https://api.theminos.ai/verification/round/2026-08-30T19%3A20%3A00%2B00%3A00,https://api.theminos.ai/scoring/rounds/2026-08-30T19%3A20%3A00%2B00%3A00/leaderboard,200,200
2026-08-30T18:08:00+00:00,https://api.theminos.ai/verification/round/2026-08-30T18%3A08%3A00%2B00%3A00,https://api.theminos.ai/scoring/rounds/2026-08-30T18%3A08%3A00%2B00%3A00/leaderboard,200,200
2026-08-30T16:56:00+00:00,https://api.theminos.ai/verification/round/2026-08-30T16%3A56%3A00%2B00%3A00,https://api.theminos.ai/scoring/rounds/2026-08-30T16%3A56%3A00%2B00%3A00/leaderboard,200,200
2026-08-30T15:44:00+00:00,https://api.theminos.ai/verification/round/2026-08-30T15%3A44%3A00%2B00%3A00,https://api.theminos.ai/scoring/rounds/2026-08-30T15%3A44%3A00%2B00%3A00/leaderboard,200,200
2026-08-30T14:32:00+00:00,https://api.theminos.ai/verification/round/2026-08-30T14%3A32%3A00%2B00%3A00,https://api.theminos.ai/scoring/rounds/2026-08-30T14%3A32%3A00%2B00%3A00/leaderboard,200,200
2026-08-30T13:20:00+00:00,https://api.theminos.ai/verification/round/2026-08-30T13%3A20%3A00%2B00%3A00,https://api.theminos.ai/scoring/rounds/2026-08-30T13%3A20%3A00%2B00%3A00/leaderboard,200,200
2026-08-30T12:08:00+00:00,https://api.theminos.ai/verification/round/2026-08-30T12%3A08%3A00%2B00%3A00,https://api.theminos.ai/scoring/rounds/2026-08-30T12%3A08%3A00%2B00%3A00/leaderboard,200,200
2026-08-30T10:56:00+00:00,https://api.theminos.ai/verification/round/2026-08-30T10%3A56%3A00%2B00%3A00,https://api.theminos.ai/scoring/rounds/2026-08-30T10%3A56%3A00%2B00%3A00/leaderboard,200,200
2026-08-30T09:44:00+00:00,https://api.theminos.ai/verification/round/2026-08-30T09%3A44%3A00%2B00%3A00,https://api.theminos.ai/scoring/rounds/2026-08-30T09%3A44%3A00%2B00%3A00/leaderboard,200,200
2026-08-30T08:32:00+00:00,https://api.theminos.ai/verification/round/2026-08-30T08%3A32%3A00%2B00%3A00,https://api.theminos.ai/scoring/rounds/2026-08-30T08%3A32%3A00%2B00%3A00/leaderboard,200,200
2026-08-30T07:20:00+00:00,https://api.theminos.ai/verification/round/2026-08-30T07%3A20%3A00%2B00%3A00,https://api.theminos.ai/scoring/rounds/2026-08-30T07%3A20%3A00%2B00%3A00/leaderboard,200,200
2026-08-30T06:08:00+00:00,https://api.theminos.ai/verification/round/2026-08-30T06%3A08%3A00%2B00%3A00,https://api.theminos.ai/scoring/rounds/2026-08-30T06%3A08%3A00%2B00%3A00/leaderboard,200,200
2026-08-30T04:56:00+00:00,https://api.theminos.ai/verification/round/2026-08-30T04%3A56%3A00%2B00%3A00,https://api.theminos.ai/scoring/rounds/2026-08-30T04%3A56%3A00%2B00%3A00/leaderboard,200,200
2026-08-30T03:44:00+00:00,https://api.theminos.ai/verification/round/2026-08-30T03%3A44%3A00%2B00%3A00,https://api.theminos.ai/scoring/rounds/2026-08-30T03%3A44%3A00%2B00%3A00/leaderboard,200,200
2026-08-30T02:32:00+00:00,https://api.theminos.ai/verification/round/2026-08-30T02%3A32%3A00%2B00%3A00,https://api.theminos.ai/scoring/rounds/2026-08-30T02%3A32%3A00%2B00%3A00/leaderboard,200,200
2026-08-30T01:20:00+00:00,https://api.theminos.ai/verification/round/2026-08-30T01%3A20%3A00%2B00%3A00,https://api.theminos.ai/scoring/rounds/2026-08-30T01%3A20%3A00%2B00%3A00/leaderboard,200,200
2026-08-30T00:08:00+00:00,https://api.theminos.ai/verification/round/2026-08-30T00%3A08%3A00%2B00%3A00,https://api.theminos.ai/scoring/rounds/2026-08-30T00%3A08%3A00%2B00%3A00/leaderboard,200,200
2026-08-29T22:56:00+00:00,https://api.theminos.ai/verification/round/2026-08-29T22%3A56%3A00%2B00%3A00,https://api.theminos.ai/scoring/rounds/2026-08-29T22%3A56%3A00%2B00%3A00/leaderboard,200,200
2026-08-29T21:44:00+00:00,https://api.theminos.ai/verification/round/2026-08-29T21%3A44%3A00%2B00%3A00,https://api.theminos.ai/scoring/rounds/2026-08-29T21%3A44%3A00%2B00%3A00/leaderboard,200,200
2026-08-29T20:32:00+00:00,https://api.theminos.ai/verification/round/2026-08-29T20%3A32%3A00%2B00%3A00,https://api.theminos.ai/scoring/rounds/2026-08-29T20%3A32%3A00%2B00%3A00/leaderboard,200,200
2026-08-29T19:20:00+00:00,https://api.theminos.ai/verification/round/2026-08-29T19%3A20%3A00%2B00%3A00,https://api.theminos.ai/scoring/rounds/2026-08-29T19%3A20%3A00%2B00%3A00/leaderboard,200,200
2026-08-29T18:08:00+00:00,https://api.theminos.ai/verification/round/2026-08-29T18%3A08%3A00%2B00%3A00,https://api.theminos.ai/scoring/rounds/2026-08-29T18%3A08%3A00%2B00%3A00/leaderboard,200,200
2026-08-29T16:56:00+00:00,https://api.theminos.ai/verification/round/2026-08-29T16%3A56%3A00%2B00%3A00,https://api.theminos.ai/scoring/rounds/2026-08-29T16%3A56%3A00%2B00%3A00/leaderboard,200,200
2026-08-29T15:44:00+00:00,https://api.theminos.ai/verification/round/2026-08-29T15%3A44%3A00%2B00%3A00,https://api.theminos.ai/scoring/rounds/2026-08-29T15%3A44%3A00%2B00%3A00/leaderboard,200,200
2026-08-29T14:32:00+00:00,https://api.theminos.ai/verification/round/2026-08-29T14%3A32%3A00%2B00%3A00,https://api.theminos.ai/scoring/rounds/2026-08-29T14%3A32%3A00%2B00%3A00/leaderboard,200,200
2026-08-29T13:20:00+00:00,https://api.theminos.ai/verification/round/2026-08-29T13%3A20%3A00%2B00%3A00,https://api.theminos.ai/scoring/rounds/2026-08-29T13%3A20%3A00%2B00%3A00/leaderboard,200,200
2026-08-29T12:08:00+00:00,https://api.theminos.ai/verification/round/2026-08-29T12%3A08%3A00%2B00%3A00,https://api.theminos.ai/scoring/rounds/2026-08-29T12%3A08%3A00%2B00%3A00/leaderboard,200,200
2026-08-29T10:56:00+00:00,https://api.theminos.ai/verification/round/2026-08-29T10%3A56%3A00%2B00%3A00,https://api.theminos.ai/scoring/rounds/2026-08-29T10%3A56%3A00%2B00%3A00/leaderboard,200,200
2026-08-29T09:44:00+00:00,https://api.theminos.ai/verification/round/2026-08-29T09%3A44%3A00%2B00%3A00,https://api.theminos.ai/scoring/rounds/2026-08-29T09%3A44%3A00%2B00%3A00/leaderboard,200,200
2026-08-29T08:32:00+00:00,https://api.theminos.ai/verification/round/2026-08-29T08%3A32%3A00%2B00%3A00,https://api.theminos.ai/scoring/rounds/2026-08-29T08%3A32%3A00%2B00%3A00/leaderboard,200,200
2026-08-29T07:20:00+00:00,https://api.theminos.ai/verification/round/2026-08-29T07%3A20%3A00%2B00%3A00,https://api.theminos.ai/scoring/rounds/2026-08-29T07%3A20%3A00%2B00%3A00/leaderboard,200,200
2026-08-29T06:08:00+00:00,https://api.theminos.ai/verification/round/2026-08-29T06%3A08%3A00%2B00%3A00,https://api.theminos.ai/scoring/rounds/2026-08-29T06%3A08%3A00%2B00%3A00/leaderboard,200,200
2026-08-29T04:56:00+00:00,https://api.theminos.ai/verification/round/2026-08-29T04%3A56%3A00%2B00%3A00,https://api.theminos.ai/scoring/rounds/2026-08-29T04%3A56%3A00%2B00%3A00/leaderboard,200,200
2026-08-29T03:44:00+00:00,https://api.theminos.ai/verification/round/2026-08-29T03%3A44%3A00%2B00%3A00,https://api.theminos.ai/scoring/rounds/2026-08-29T03%3A44%3A00%2B00%3A00/leaderboard,200,200
2026-08-29T02:32:00+00:00,https://api.theminos.ai/verification/round/2026-08-29T02%3A32%3A00%2B00%3A00,https://api.theminos.ai/scoring/rounds/2026-08-29T02%3A32%3A00%2B00%3A00/leaderboard,200,200
2026-08-29T01:20:00+00:00,https://api.theminos.ai/verification/round/2026-08-29T01%3A20%3A00%2B00%3A00,https://api.theminos.ai/scoring/rounds/2026-08-29T01%3A20%3A00%2B00%3A00/leaderboard,200,200
2026-08-29T00:08:00+00:00,https://api.theminos.ai/verification/round/2026-08-29T00%3A08%3A00%2B00%3A00,https://api.theminos.ai/scoring/rounds/2026-08-29T00%3A08%3A00%2B00%3A00/leaderboard,200,200
2026-08-28T22:56:00+00:00,https://api.theminos.ai/verification/round/2026-08-28T22%3A56%3A00%2B00%3A00,https://api.theminos.ai/scoring/rounds/2026-08-28T22%3A56%3A00%2B00%3A00/leaderboard,200,200
2026-08-28T21:44:00+00:00,https://api.theminos.ai/verification/round/2026-08-28T21%3A44%3A00%2B00%3A00,https://api.theminos.ai/scoring/rounds/2026-08-28T21%3A44%3A00%2B00%3A00/leaderboard,200,200
2026-08-28T20:32:00+00:00,https://api.theminos.ai/verification/round/2026-08-28T20%3A32%3A00%2B00%3A00,https://api.theminos.ai/scoring/rounds/2026-08-28T20%3A32%3A00%2B00%3A00/leaderboard,200,200
2026-08-28T19:20:00+00:00,https://api.theminos.ai/verification/round/2026-08-28T19%3A20%3A00%2B00%3A00,https://api.theminos.ai/scoring/rounds/2026-08-28T19%3A20%3A00%2B00%3A00/leaderboard,200,200
2026-08-28T18:08:00+00:00,https://api.theminos.ai/verification/round/2026-08-28T18%3A08%3A00%2B00%3A00,https://api.theminos.ai/scoring/rounds/2026-08-28T18%3A08%3A00%2B00%3A00/leaderboard,200,200
2026-08-28T16:56:00+00:00,https://api.theminos.ai/verification/round/2026-08-28T16%3A56%3A00%2B00%3A00,https://api.theminos.ai/scoring/rounds/2026-08-28T16%3A56%3A00%2B00%3A00/leaderboard,200,200
2026-08-28T15:44:00+00:00,https://api.theminos.ai/verification/round/2026-08-28T15%3A44%3A00%2B00%3A00,https://api.theminos.ai/scoring/rounds/2026-08-28T15%3A44%3A00%2B00%3A00/leaderboard,200,200
2026-08-28T14:32:00+00:00,https://api.theminos.ai/verification/round/2026-08-28T14%3A32%3A00%2B00%3A00,https://api.theminos.ai/scoring/rounds/2026-08-28T14%3A32%3A00%2B00%3A00/leaderboard,200,200
2026-08-28T13:20:00+00:00,https://api.theminos.ai/verification/round/2026-08-28T13%3A20%3A00%2B00%3A00,https://api.theminos.ai/scoring/rounds/2026-08-28T13%3A20%3A00%2B00%3A00/leaderboard,200,200
2026-08-28T12:08:00+00:00,https://api.theminos.ai/verification/round/2026-08-28T12%3A08%3A00%2B00%3A00,https://api.theminos.ai/scoring/rounds/2026-08-28T12%3A08%3A00%2B00%3A00/leaderboard,200,200
2026-08-28T10:56:00+00:00,https://api.theminos.ai/verification/round/2026-08-28T10%3A56%3A00%2B00%3A00,https://api.theminos.ai/scoring/rounds/2026-08-28T10%3A56%3A00%2B00%3A00/leaderboard,200,200
2026-08-28T09:44:00+00:00,https://api.theminos.ai/verification/round/2026-08-28T09%3A44%3A00%2B00%3A00,https://api.theminos.ai/scoring/rounds/2026-08-28T09%3A44%3A00%2B00%3A00/leaderboard,200,200
2026-08-28T08:32:00+00:00,https://api.theminos.ai/verification/round/2026-08-28T08%3A32%3A00%2B00%3A00,https://api.theminos.ai/scoring/rounds/2026-08-28T08%3A32%3A00%2B00%3A00/leaderboard,200,200
2026-08-28T07:20:00+00:00,https://api.theminos.ai/verification/round/2026-08-28T07%3A20%3A00%2B00%3A00,https://api.theminos.ai/scoring/rounds/2026-08-28T07%3A20%3A00%2B00%3A00/leaderboard,200,200
2026-08-28T06:08:00+00:00,https://api.theminos.ai/verification/round/2026-08-28T06%3A08%3A00%2B00%3A00,https://api.theminos.ai/scoring/rounds/2026-08-28T06%3A08%3A00%2B00%3A00/leaderboard,200,200
2026-08-28T04:56:00+00:00,https://api.theminos.ai/verification/round/2026-08-28T04%3A56%3A00%2B00%3A00,https://api.theminos.ai/scoring/rounds/2026-08-28T04%3A56%3A00%2B00%3A00/leaderboard,200,200
2026-08-28T03:44:00+00:00,https://api.theminos.ai/verification/round/2026-08-28T03%3A44%3A00%2B00%3A00,https://api.theminos.ai/scoring/rounds/2026-08-28T03%3A44%3A00%2B00%3A00/leaderboard,200,200
2026-08-28T02:32:00+00:00,https://api.theminos.ai/verification/round/2026-08-28T02%3A32%3A00%2B00%3A00,https://api.theminos.ai/scoring/rounds/2026-08-28T02%3A32%3A00%2B00%3A00/leaderboard,200,200
2026-08-28T01:20:00+00:00,https://api.theminos.ai/verification/round/2026-08-28T01%3A20%3A00%2B00%3A00,https://api.theminos.ai/scoring/rounds/2026-08-28T01%3A20%3A00%2B00%3A00/leaderboard,200,200
2026-08-28T00:08:00+00:00,https://api.theminos.ai/verification/round/2026-08-28T00%3A08%3A00%2B00%3A00,https://api.theminos.ai/scoring/rounds/2026-08-28T00%3A08%3A00%2B00%3A00/leaderboard,200,200
2026-08-27T22:56:00+00:00,https://api.theminos.ai/verification/round/2026-08-27T22%3A56%3A00%2B00%3A00,https://api.theminos.ai/scoring/rounds/2026-08-27T22%3A56%3A00%2B00%3A00/leaderboard,200,200
2026-08-27T21:44:00+00:00,https://api.theminos.ai/verification/round/2026-08-27T21%3A44%3A00%2B00%3A00,https://api.theminos.ai/scoring/rounds/2026-08-27T21%3A44%3A00%2B00%3A00/leaderboard,200,200
2026-08-27T20:32:00+00:00,https://api.theminos.ai/verification/round/2026-08-27T20%3A32%3A00%2B00%3A00,https://api.theminos.ai/scoring/rounds/2026-08-27T20%3A32%3A00%2B00%3A00/leaderboard,200,200
2026-08-27T19:20:00+00:00,https://api.theminos.ai/verification/round/2026-08-27T19%3A20%3A00%2B00%3A00,https://api.theminos.ai/scoring/rounds/2026-08-27T19%3A20%3A00%2B00%3A00/leaderboard,200,200
2026-08-27T18:08:00+00:00,https://api.theminos.ai/verification/round/2026-08-27T18%3A08%3A00%2B00%3A00,https://api.theminos.ai/scoring/rounds/2026-08-27T18%3A08%3A00%2B00%3A00/leaderboard,200,200
2026-08-27T16:56:00+00:00,https://api.theminos.ai/verification/round/2026-08-27T16%3A56%3A00%2B00%3A00,https://api.theminos.ai/scoring/rounds/2026-08-27T16%3A56%3A00%2B00%3A00/leaderboard,200,200
2026-08-27T15:44:00+00:00,https://api.theminos.ai/verification/round/2026-08-27T15%3A44%3A00%2B00%3A00,https://api.theminos.ai/scoring/rounds/2026-08-27T15%3A44%3A00%2B00%3A00/leaderboard,200,200
2026-08-27T14:32:00+00:00,https://api.theminos.ai/verification/round/2026-08-27T14%3A32%3A00%2B00%3A00,https://api.theminos.ai/scoring/rounds/2026-08-27T14%3A32%3A00%2B00%3A00/leaderboard,200,200
2026-08-27T13:20:00+00:00,https://api.theminos.ai/verification/round/2026-08-27T13%3A20%3A00%2B00%3A00,https://api.theminos.ai/scoring/rounds/2026-08-27T13%3A20%3A00%2B00%3A00/leaderboard,200,200
2026-08-27T12:08:00+00:00,https://api.theminos.ai/verification/round/2026-08-27T12%3A08%3A00%2B00%3A00,https://api.theminos.ai/scoring/rounds/2026-08-27T12%3A08%3A00%2B00%3A00/leaderboard,200,200
2026-08-27T10:56:00+00:00,https://api.theminos.ai/verification/round/2026-08-27T10%3A56%3A00%2B00%3A00,https://api.theminos.ai/scoring/rounds/2026-08-27T10%3A56%3A00%2B00%3A00/leaderboard,200,200
2026-08-27T09:44:00+00:00,https://api.theminos.ai/verification/round/2026-08-27T09%3A44%3A00%2B00%3A00,https://api.theminos.ai/scoring/rounds/2026-08-27T09%3A44%3A00%2B00%3A00/leaderboard,200,200
2026-08-27T08:32:00+00:00,https://api.theminos.ai/verification/round/2026-08-27T08%3A32%3A00%2B00%3A00,https://api.theminos.ai/scoring/rounds/2026-08-27T08%3A32%3A00%2B00%3A00/leaderboard,200,200
2026-08-27T07:20:00+00:00,https://api.theminos.ai/verification/round/2026-08-27T07%3A20%3A00%2B00%3A00,https://api.theminos.ai/scoring/rounds/2026-08-27T07%3A20%3A00%2B00%3A00/leaderboard,200,200
2026-08-27T06:08:00+00:00,https://api.theminos.ai/verification/round/2026-08-27T06%3A08%3A00%2B00%3A00,https://api.theminos.ai/scoring/rounds/2026-08-27T06%3A08%3A00%2B00%3A00/leaderboard,200,200
2026-08-27T04:56:00+00:00,https://api.theminos.ai/verification/round/2026-08-27T04%3A56%3A00%2B00%3A00,https://api.theminos.ai/scoring/rounds/2026-08-27T04%3A56%3A00%2B00%3A00/leaderboard,200,200
2026-08-27T03:44:00+00:00,https://api.theminos.ai/verification/round/2026-08-27T03%3A44%3A00%2B00%3A00,https://api.theminos.ai/scoring/rounds/2026-08-27T03%3A44%3A00%2B00%3A00/leaderboard,200,200
2026-08-27T02:32:00+00:00,https://api.theminos.ai/verification/round/2026-08-27T02%3A32%3A00%2B00%3A00,https://api.theminos.ai/scoring/rounds/2026-08-27T02%3A32%3A00%2B00%3A00/leaderboard,200,200
2026-08-27T01:20:00+00:00,https://api.theminos.ai/verification/round/2026-08-27T01%3A20%3A00%2B00%3A00,https://api.theminos.ai/scoring/rounds/2026-08-27T01%3A20%3A00%2B00%3A00/leaderboard,200,200
2026-08-27T00:08:00+00:00,https://api.theminos.ai/verification/round/2026-08-27T00%3A08%3A00%2B00%3A00,https://api.theminos.ai/scoring/rounds/2026-08-27T00%3A08%3A00%2B00%3A00/leaderboard,200,200
2026-08-26T22:56:00+00:00,https://api.theminos.ai/verification/round/2026-08-26T22%3A56%3A00%2B00%3A00,https://api.theminos.ai/scoring/rounds/2026-08-26T22%3A56%3A00%2B00%3A00/leaderboard,200,200
2026-08-26T21:44:00+00:00,https://api.theminos.ai/verification/round/2026-08-26T21%3A44%3A00%2B00%3A00,https://api.theminos.ai/scoring/rounds/2026-08-26T21%3A44%3A00%2B00%3A00/leaderboard,200,200
2026-08-26T20:32:00+00:00,https://api.theminos.ai/verification/round/2026-08-26T20%3A32%3A00%2B00%3A00,https://api.theminos.ai/scoring/rounds/2026-08-26T20%3A32%3A00%2B00%3A00/leaderboard,200,200
2026-08-26T19:20:00+00:00,https://api.theminos.ai/verification/round/2026-08-26T19%3A20%3A00%2B00%3A00,https://api.theminos.ai/scoring/rounds/2026-08-26T19%3A20%3A00%2B00%3A00/leaderboard,200,200
2026-08-26T18:08:00+00:00,https://api.theminos.ai/verification/round/2026-08-26T18%3A08%3A00%2B00%3A00,https://api.theminos.ai/scoring/rounds/2026-08-26T18%3A08%3A00%2B00%3A00/leaderboard,200,200
2026-08-26T16:56:00+00:00,https://api.theminos.ai/verification/round/2026-08-26T16%3A56%3A00%2B00%3A00,https://api.theminos.ai/scoring/rounds/2026-08-26T16%3A56%3A00%2B00%3A00/leaderboard,200,200
2026-08-26T15:44:00+00:00,https://api.theminos.ai/verification/round/2026-08-26T15%3A44%3A00%2B00%3A00,https://api.theminos.ai/scoring/rounds/2026-08-26T15%3A44%3A00%2B00%3A00/leaderboard,200,200
2026-08-26T14:32:00+00:00,https://api.theminos.ai/verification/round/2026-08-26T14%3A32%3A00%2B00%3A00,https://api.theminos.ai/scoring/rounds/2026-08-26T14%3A32%3A00%2B00%3A00/leaderboard,200,200
2026-08-26T13:20:00+00:00,https://api.theminos.ai/verification/round/2026-08-26T13%3A20%3A00%2B00%3A00,https://api.theminos.ai/scoring/rounds/2026-08-26T13%3A20%3A00%2B00%3A00/leaderboard,200,200
2026-08-26T12:08:00+00:00,https://api.theminos.ai/verification/round/2026-08-26T12%3A08%3A00%2B00%3A00,https://api.theminos.ai/scoring/rounds/2026-08-26T12%3A08%3A00%2B00%3A00/leaderboard,200,200
2026-08-26T10:56:00+00:00,https://api.theminos.ai/verification/round/2026-08-26T10%3A56%3A00%2B00%3A00,https://api.theminos.ai/scoring/rounds/2026-08-26T10%3A56%3A00%2B00%3A00/leaderboard,200,200
2026-08-26T09:44:00+00:00,https://api.theminos.ai/verification/round/2026-08-26T09%3A44%3A00%2B00%3A00,https://api.theminos.ai/scoring/rounds/2026-08-26T09%3A44%3A00%2B00%3A00/leaderboard,200,200
2026-08-26T08:32:00+00:00,https://api.theminos.ai/verification/round/2026-08-26T08%3A32%3A00%2B00%3A00,https://api.theminos.ai/scoring/rounds/2026-08-26T08%3A32%3A00%2B00%3A00/leaderboard,200,200
2026-08-26T07:20:00+00:00,https://api.theminos.ai/verification/round/2026-08-26T07%3A20%3A00%2B00%3A00,https://api.theminos.ai/scoring/rounds/2026-08-26T07%3A20%3A00%2B00%3A00/leaderboard,200,200
2026-08-26T06:08:00+00:00,https://api.theminos.ai/verification/round/2026-08-26T06%3A08%3A00%2B00%3A00,https://api.theminos.ai/scoring/rounds/2026-08-26T06%3A08%3A00%2B00%3A00/leaderboard,200,200
2026-08-26T04:56:00+00:00,https://api.theminos.ai/verification/round/2026-08-26T04%3A56%3A00%2B00%3A00,https://api.theminos.ai/scoring/rounds/2026-08-26T04%3A56%3A00%2B00%3A00/leaderboard,200,200
2026-08-26T03:44:00+00:00,https://api.theminos.ai/verification/round/2026-08-26T03%3A44%3A00%2B00%3A00,https://api.theminos.ai/scoring/rounds/2026-08-26T03%3A44%3A00%2B00%3A00/leaderboard,200,200
2026-08-26T02:32:00+00:00,https://api.theminos.ai/verification/round/2026-08-26T02%3A32%3A00%2B00%3A00,https://api.theminos.ai/scoring/rounds/2026-08-26T02%3A32%3A00%2B00%3A00/leaderboard,200,200
2026-08-26T01:20:00+00:00,https://api.theminos.ai/verification/round/2026-08-26T01%3A20%3A00%2B00%3A00,https://api.theminos.ai/scoring/rounds/2026-08-26T01%3A20%3A00%2B00%3A00/leaderboard,200,200
2026-08-26T00:08:00+00:00,https://api.theminos.ai/verification/round/2026-08-26T00%3A08%3A00%2B00%3A00,https://api.theminos.ai/scoring/rounds/2026-08-26T00%3A08%3A00%2B00%3A00/leaderboard,200,200
2026-08-25T22:56:00+00:00,https://api.theminos.ai/verification/round/2026-08-25T22%3A56%3A00%2B00%3A00,https://api.theminos.ai/scoring/rounds/2026-08-25T22%3A56%3A00%2B00%3A00/leaderboard,200,200
2026-08-25T21:44:00+00:00,https://api.theminos.ai/verification/round/2026-08-25T21%3A44%3A00%2B00%3A00,https://api.theminos.ai/scoring/rounds/2026-08-25T21%3A44%3A00%2B00%3A00/leaderboard,200,200
2026-08-25T20:32:00+00:00,https://api.theminos.ai/verification/round/2026-08-25T20%3A32%3A00%2B00%3A00,https://api.theminos.ai/scoring/rounds/2026-08-25T20%3A32%3A00%2B00%3A00/leaderboard,200,200
2026-08-25T19:20:00+00:00,https://api.theminos.ai/verification/round/2026-08-25T19%3A20%3A00%2B00%3A00,https://api.theminos.ai/scoring/rounds/2026-08-25T19%3A20%3A00%2B00%3A00/leaderboard,200,200
2026-08-25T18:08:00+00:00,https://api.theminos.ai/verification/round/2026-08-25T18%3A08%3A00%2B00%3A00,https://api.theminos.ai/scoring/rounds/2026-08-25T18%3A08%3A00%2B00%3A00/leaderboard,200,200
2026-08-25T16:56:00+00:00,https://api.theminos.ai/verification/round/2026-08-25T16%3A56%3A00%2B00%3A00,https://api.theminos.ai/scoring/rounds/2026-08-25T16%3A56%3A00%2B00%3A00/leaderboard,200,200
2026-08-25T15:44:00+00:00,https://api.theminos.ai/verification/round/2026-08-25T15%3A44%3A00%2B00%3A00,https://api.theminos.ai/scoring/rounds/2026-08-25T15%3A44%3A00%2B00%3A00/leaderboard,200,200
2026-08-25T14:32:00+00:00,https://api.theminos.ai/verification/round/2026-08-25T14%3A32%3A00%2B00%3A00,https://api.theminos.ai/scoring/rounds/2026-08-25T14%3A32%3A00%2B00%3A00/leaderboard,200,200
2026-08-25T13:20:00+00:00,https://api.theminos.ai/verification/round/2026-08-25T13%3A20%3A00%2B00%3A00,https://api.theminos.ai/scoring/rounds/2026-08-25T13%3A20%3A00%2B00%3A00/leaderboard,200,200
2026-08-25T12:08:00+00:00,https://api.theminos.ai/verification/round/2026-08-25T12%3A08%3A00%2B00%3A00,https://api.theminos.ai/scoring/rounds/2026-08-25T12%3A08%3A00%2B00%3A00/leaderboard,200,200
2026-08-25T10:56:00+00:00,https://api.theminos.ai/verification/round/2026-08-25T10%3A56%3A00%2B00%3A00,https://api.theminos.ai/scoring/rounds/2026-08-25T10%3A56%3A00%2B00%3A00/leaderboard,200,200
2026-08-25T09:44:00+00:00,https://api.theminos.ai/verification/round/2026-08-25T09%3A44%3A00%2B00%3A00,https://api.theminos.ai/scoring/rounds/2026-08-25T09%3A44%3A00%2B00%3A00/leaderboard,200,200
2026-08-25T08:32:00+00:00,https://api.theminos.ai/verification/round/2026-08-25T08%3A32%3A00%2B00%3A00,https://api.theminos.ai/scoring/rounds/2026-08-25T08%3A32%3A00%2B00%3A00/leaderboard,200,200
2026-08-25T07:20:00+00:00,https://api.theminos.ai/verification/round/2026-08-25T07%3A20%3A00%2B00%3A00,https://api.theminos.ai/scoring/rounds/2026-08-25T07%3A20%3A00%2B00%3A00/leaderboard,200,200
2026-08-25T06:08:00+00:00,https://api.theminos.ai/verification/round/2026-08-25T06%3A08%3A00%2B00%3A00,https://api.theminos.ai/scoring/rounds/2026-08-25T06%3A08%3A00%2B00%3A00/leaderboard,200,200
2026-08-25T04:56:00+00:00,https://api.theminos.ai/verification/round/2026-08-25T04%3A56%3A00%2B00%3A00,https://api.theminos.ai/scoring/rounds/2026-08-25T04%3A56%3A00%2B00%3A00/leaderboard,200,200
2026-08-25T03:44:00+00:00,https://api.theminos.ai/verification/round/2026-08-25T03%3A44%3A00%2B00%3A00,https://api.theminos.ai/scoring/rounds/2026-08-25T03%3A44%3A00%2B00%3A00/leaderboard,200,200
2026-08-25T02:32:00+00:00,https://api.theminos.ai/verification/round/2026-08-25T02%3A32%3A00%2B00%3A00,https://api.theminos.ai/scoring/rounds/2026-08-25T02%3A32%3A00%2B00%3A00/leaderboard,200,200
2026-08-25T01:20:00+00:00,https://api.theminos.ai/verification/round/2026-08-25T01%3A20%3A00%2B00%3A00,https://api.theminos.ai/scoring/rounds/2026-08-25T01%3A20%3A00%2B00%3A00/leaderboard,200,200
2026-08-25T00:08:00+00:00,https://api.theminos.ai/verification/round/2026-08-25T00%3A08%3A00%2B00%3A00,https://api.theminos.ai/scoring/rounds/2026-08-25T00%3A08%3A00%2B00%3A00/leaderboard,200,200
2026-08-24T22:56:00+00:00,https://api.theminos.ai/verification/round/2026-08-24T22%3A56%3A00%2B00%3A00,https://api.theminos.ai/scoring/rounds/2026-08-24T22%3A56%3A00%2B00%3A00/leaderboard,200,200
2026-08-24T21:44:00+00:00,https://api.theminos.ai/verification/round/2026-08-24T21%3A44%3A00%2B00%3A00,https://api.theminos.ai/scoring/rounds/2026-08-24T21%3A44%3A00%2B00%3A00/leaderboard,200,200
2026-08-24T20:32:00+00:00,https://api.theminos.ai/verification/round/2026-08-24T20%3A32%3A00%2B00%3A00,https://api.theminos.ai/scoring/rounds/2026-08-24T20%3A32%3A00%2B00%3A00/leaderboard,200,200
2026-08-24T19:20:00+00:00,https://api.theminos.ai/verification/round/2026-08-24T19%3A20%3A00%2B00%3A00,https://api.theminos.ai/scoring/rounds/2026-08-24T19%3A20%3A00%2B00%3A00/leaderboard,200,200
2026-08-24T18:08:00+00:00,https://api.theminos.ai/verification/round/2026-08-24T18%3A08%3A00%2B00%3A00,https://api.theminos.ai/scoring/rounds/2026-08-24T18%3A08%3A00%2B00%3A00/leaderboard,200,200
2026-08-24T16:56:00+00:00,https://api.theminos.ai/verification/round/2026-08-24T16%3A56%3A00%2B00%3A00,https://api.theminos.ai/scoring/rounds/2026-08-24T16%3A56%3A00%2B00%3A00/leaderboard,200,200
2026-08-24T15:44:00+00:00,https://api.theminos.ai/verification/round/2026-08-24T15%3A44%3A00%2B00%3A00,https://api.theminos.ai/scoring/rounds/2026-08-24T15%3A44%3A00%2B00%3A00/leaderboard,200,200
2026-08-24T14:32:00+00:00,https://api.theminos.ai/verification/round/2026-08-24T14%3A32%3A00%2B00%3A00,https://api.theminos.ai/scoring/rounds/2026-08-24T14%3A32%3A00%2B00%3A00/leaderboard,200,200
2026-08-24T13:20:00+00:00,https://api.theminos.ai/verification/round/2026-08-24T13%3A20%3A00%2B00%3A00,https://api.theminos.ai/scoring/rounds/2026-08-24T13%3A20%3A00%2B00%3A00/leaderboard,200,200
2026-08-24T12:08:00+00:00,https://api.theminos.ai/verification/round/2026-08-24T12%3A08%3A00%2B00%3A00,https://api.theminos.ai/scoring/rounds/2026-08-24T12%3A08%3A00%2B00%3A00/leaderboard,200,200
2026-08-24T10:56:00+00:00,https://api.theminos.ai/verification/round/2026-08-24T10%3A56%3A00%2B00%3A00,https://api.theminos.ai/scoring/rounds/2026-08-24T10%3A56%3A00%2B00%3A00/leaderboard,200,200
2026-08-24T09:44:00+00:00,https://api.theminos.ai/verification/round/2026-08-24T09%3A44%3A00%2B00%3A00,https://api.theminos.ai/scoring/rounds/2026-08-24T09%3A44%3A00%2B00%3A00/leaderboard,200,200
2026-08-24T08:32:00+00:00,https://api.theminos.ai/verification/round/2026-08-24T08%3A32%3A00%2B00%3A00,https://api.theminos.ai/scoring/rounds/2026-08-24T08%3A32%3A00%2B00%3A00/leaderboard,200,200
2026-08-24T07:20:00+00:00,https://api.theminos.ai/verification/round/2026-08-24T07%3A20%3A00%2B00%3A00,https://api.theminos.ai/scoring/rounds/2026-08-24T07%3A20%3A00%2B00%3A00/leaderboard,200,200
2026-08-24T06:08:00+00:00,https://api.theminos.ai/verification/round/2026-08-24T06%3A08%3A00%2B00%3A00,https://api.theminos.ai/scoring/rounds/2026-08-24T06%3A08%3A00%2B00%3A00/leaderboard,200,200
2026-08-24T04:56:00+00:00,https://api.theminos.ai/verification/round/2026-08-24T04%3A56%3A00%2B00%3A00,https://api.theminos.ai/scoring/rounds/2026-08-24T04%3A56%3A00%2B00%3A00/leaderboard,200,200
2026-08-24T03:44:00+00:00,https://api.theminos.ai/verification/round/2026-08-24T03%3A44%3A00%2B00%3A00,https://api.theminos.ai/scoring/rounds/2026-08-24T03%3A44%3A00%2B00%3A00/leaderboard,200,200
2026-08-24T02:32:00+00:00,https://api.theminos.ai/verification/round/2026-08-24T02%3A32%3A00%2B00%3A00,https://api.theminos.ai/scoring/rounds/2026-08-24T02%3A32%3A00%2B00%3A00/leaderboard,200,200
2026-08-24T01:20:00+00:00,https://api.theminos.ai/verification/round/2026-08-24T01%3A20%3A00%2B00%3A00,https://api.theminos.ai/scoring/rounds/2026-08-24T01%3A20%3A00%2B00%3A00/leaderboard,200,200
2026-08-24T00:08:00+00:00,https://api.theminos.ai/verification/round/2026-08-24T00%3A08%3A00%2B00%3A00,https://api.theminos.ai/scoring/rounds/2026-08-24T00%3A08%3A00%2B00%3A00/leaderboard,200,200
2026-08-23T22:56:00+00:00,https://api.theminos.ai/verification/round/2026-08-23T22%3A56%3A00%2B00%3A00,https://api.theminos.ai/scoring/rounds/2026-08-23T22%3A56%3A00%2B00%3A00/leaderboard,200,200
2026-08-23T21:44:00+00:00,https://api.theminos.ai/verification/round/2026-08-23T21%3A44%3A00%2B00%3A00,https://api.theminos.ai/scoring/rounds/2026-08-23T21%3A44%3A00%2B00%3A00/leaderboard,200,200
2026-08-23T20:32:00+00:00,https://api.theminos.ai/verification/round/2026-08-23T20%3A32%3A00%2B00%3A00,https://api.theminos.ai/scoring/rounds/2026-08-23T20%3A32%3A00%2B00%3A00/leaderboard,200,200
2026-08-23T19:20:00+00:00,https://api.theminos.ai/verification/round/2026-08-23T19%3A20%3A00%2B00%3A00,https://api.theminos.ai/scoring/rounds/2026-08-23T19%3A20%3A00%2B00%3A00/leaderboard,200,200
2026-08-23T18:08:00+00:00,https://api.theminos.ai/verification/round/2026-08-23T18%3A08%3A00%2B00%3A00,https://api.theminos.ai/scoring/rounds/2026-08-23T18%3A08%3A00%2B00%3A00/leaderboard,200,200
2026-08-23T16:56:00+00:00,https://api.theminos.ai/verification/round/2026-08-23T16%3A56%3A00%2B00%3A00,https://api.theminos.ai/scoring/rounds/2026-08-23T16%3A56%3A00%2B00%3A00/leaderboard,200,200
2026-08-23T15:44:00+00:00,https://api.theminos.ai/verification/round/2026-08-23T15%3A44%3A00%2B00%3A00,https://api.theminos.ai/scoring/rounds/2026-08-23T15%3A44%3A00%2B00%3A00/leaderboard,200,200
2026-08-23T14:32:00+00:00,https://api.theminos.ai/verification/round/2026-08-23T14%3A32%3A00%2B00%3A00,https://api.theminos.ai/scoring/rounds/2026-08-23T14%3A32%3A00%2B00%3A00/leaderboard,200,200
2026-08-23T13:20:00+00:00,https://api.theminos.ai/verification/round/2026-08-23T13%3A20%3A00%2B00%3A00,https://api.theminos.ai/scoring/rounds/2026-08-23T13%3A20%3A00%2B00%3A00/leaderboard,200,200
2026-08-23T12:08:00+00:00,https://api.theminos.ai/verification/round/2026-08-23T12%3A08%3A00%2B00%3A00,https://api.theminos.ai/scoring/rounds/2026-08-23T12%3A08%3A00%2B00%3A00/leaderboard,200,200
2026-08-23T10:56:00+00:00,https://api.theminos.ai/verification/round/2026-08-23T10%3A56%3A00%2B00%3A00,https://api.theminos.ai/scoring/rounds/2026-08-23T10%3A56%3A00%2B00%3A00/leaderboard,200,200
2026-08-23T09:44:00+00:00,https://api.theminos.ai/verification/round/2026-08-23T09%3A44%3A00%2B00%3A00,https://api.theminos.ai/scoring/rounds/2026-08-23T09%3A44%3A00%2B00%3A00/leaderboard,200,200
2026-08-23T08:32:00+00:00,https://api.theminos.ai/verification/round/2026-08-23T08%3A32%3A00%2B00%3A00,https://api.theminos.ai/scoring/rounds/2026-08-23T08%3A32%3A00%2B00%3A00/leaderboard,200,200
2026-08-23T07:20:00+00:00,https://api.theminos.ai/verification/round/2026-08-23T07%3A20%3A00%2B00%3A00,https://api.theminos.ai/scoring/rounds/2026-08-23T07%3A20%3A00%2B00%3A00/leaderboard,200,200
2026-08-23T06:08:00+00:00,https://api.theminos.ai/verification/round/2026-08-23T06%3A08%3A00%2B00%3A00,https://api.theminos.ai/scoring/rounds/2026-08-23T06%3A08%3A00%2B00%3A00/leaderboard,200,200
2026-08-23T04:56:00+00:00,https://api.theminos.ai/verification/round/2026-08-23T04%3A56%3A00%2B00%3A00,https://api.theminos.ai/scoring/rounds/2026-08-23T04%3A56%3A00%2B00%3A00/leaderboard,200,200
2026-08-23T03:44:00+00:00,https://api.theminos.ai/verification/round/2026-08-23T03%3A44%3A00%2B00%3A00,https://api.theminos.ai/scoring/rounds/2026-08-23T03%3A44%3A00%2B00%3A00/leaderboard,200,200
2026-08-23T02:32:00+00:00,https://api.theminos.ai/verification/round/2026-08-23T02%3A32%3A00%2B00%3A00,https://api.theminos.ai/scoring/rounds/2026-08-23T02%3A32%3A00%2B00%3A00/leaderboard,200,200
2026-08-23T01:20:00+00:00,https://api.theminos.ai/verification/round/2026-08-23T01%3A20%3A00%2B00%3A00,https://api.theminos.ai/scoring/rounds/2026-08-23T01%3A20%3A00%2B00%3A00/leaderboard,200,200
2026-08-23T00:08:00+00:00,https://api.theminos.ai/verification/round/2026-08-23T00%3A08%3A00%2B00%3A00,https://api.theminos.ai/scoring/rounds/2026-08-23T00%3A08%3A00%2B00%3A00/leaderboard,200,200
2026-08-22T22:56:00+00:00,https://api.theminos.ai/verification/round/2026-08-22T22%3A56%3A00%2B00%3A00,https://api.theminos.ai/scoring/rounds/2026-08-22T22%3A56%3A00%2B00%3A00/leaderboard,200,200
2026-08-22T21:44:00+00:00,https://api.theminos.ai/verification/round/2026-08-22T21%3A44%3A00%2B00%3A00,https://api.theminos.ai/scoring/rounds/2026-08-22T21%3A44%3A00%2B00%3A00/leaderboard,200,200
2026-08-22T20:32:00+00:00,https://api.theminos.ai/verification/round/2026-08-22T20%3A32%3A00%2B00%3A00,https://api.theminos.ai/scoring/rounds/2026-08-22T20%3A32%3A00%2B00%3A00/leaderboard,200,200
2026-08-22T19:20:00+00:00,https://api.theminos.ai/verification/round/2026-08-22T19%3A20%3A00%2B00%3A00,https://api.theminos.ai/scoring/rounds/2026-08-22T19%3A20%3A00%2B00%3A00/leaderboard,200,200
2026-08-22T18:08:00+00:00,https://api.theminos.ai/verification/round/2026-08-22T18%3A08%3A00%2B00%3A00,https://api.theminos.ai/scoring/rounds/2026-08-22T18%3A08%3A00%2B00%3A00/leaderboard,200,200
2026-08-22T16:56:00+00:00,https://api.theminos.ai/verification/round/2026-08-22T16%3A56%3A00%2B00%3A00,https://api.theminos.ai/scoring/rounds/2026-08-22T16%3A56%3A00%2B00%3A00/leaderboard,200,200
2026-08-22T15:44:00+00:00,https://api.theminos.ai/verification/round/2026-08-22T15%3A44%3A00%2B00%3A00,https://api.theminos.ai/scoring/rounds/2026-08-22T15%3A44%3A00%2B00%3A00/leaderboard,200,200
2026-08-22T14:32:00+00:00,https://api.theminos.ai/verification/round/2026-08-22T14%3A32%3A00%2B00%3A00,https://api.theminos.ai/scoring/rounds/2026-08-22T14%3A32%3A00%2B00%3A00/leaderboard,200,200
2026-08-22T13:20:00+00:00,https://api.theminos.ai/verification/round/2026-08-22T13%3A20%3A00%2B00%3A00,https://api.theminos.ai/scoring/rounds/2026-08-22T13%3A20%3A00%2B00%3A00/leaderboard,200,200
2026-08-22T12:08:00+00:00,https://api.theminos.ai/verification/round/2026-08-22T12%3A08%3A00%2B00%3A00,https://api.theminos.ai/scoring/rounds/2026-08-22T12%3A08%3A00%2B00%3A00/leaderboard,200,200
2026-08-22T10:56:00+00:00,https://api.theminos.ai/verification/round/2026-08-22T10%3A56%3A00%2B00%3A00,https://api.theminos.ai/scoring/rounds/2026-08-22T10%3A56%3A00%2B00%3A00/leaderboard,200,200
2026-08-22T09:44:00+00:00,https://api.theminos.ai/verification/round/2026-08-22T09%3A44%3A00%2B00%3A00,https://api.theminos.ai/scoring/rounds/2026-08-22T09%3A44%3A00%2B00%3A00/leaderboard,200,200
2026-08-22T08:32:00+00:00,https://api.theminos.ai/verification/round/2026-08-22T08%3A32%3A00%2B00%3A00,https://api.theminos.ai/scoring/rounds/2026-08-22T08%3A32%3A00%2B00%3A00/leaderboard,200,200
2026-08-22T07:20:00+00:00,https://api.theminos.ai/verification/round/2026-08-22T07%3A20%3A00%2B00%3A00,https://api.theminos.ai/scoring/rounds/2026-08-22T07%3A20%3A00%2B00%3A00/leaderboard,200,200
2026-08-22T06:08:00+00:00,https://api.theminos.ai/verification/round/2026-08-22T06%3A08%3A00%2B00%3A00,https://api.theminos.ai/scoring/rounds/2026-08-22T06%3A08%3A00%2B00%3A00/leaderboard,200,200
2026-08-22T04:56:00+00:00,https://api.theminos.ai/verification/round/2026-08-22T04%3A56%3A00%2B00%3A00,https://api.theminos.ai/scoring/rounds/2026-08-22T04%3A56%3A00%2B00%3A00/leaderboard,200,200
2026-08-22T03:44:00+00:00,https://api.theminos.ai/verification/round/2026-08-22T03%3A44%3A00%2B00%3A00,https://api.theminos.ai/scoring/rounds/2026-08-22T03%3A44%3A00%2B00%3A00/leaderboard,200,200
2026-08-22T02:32:00+00:00,https://api.theminos.ai/verification/round/2026-08-22T02%3A32%3A00%2B00%3A00,https://api.theminos.ai/scoring/rounds/2026-08-22T02%3A32%3A00%2B00%3A00/leaderboard,200,200
2026-08-22T01:20:00+00:00,https://api.theminos.ai/verification/round/2026-08-22T01%3A20%3A00%2B00%3A00,https://api.theminos.ai/scoring/rounds/2026-08-22T01%3A20%3A00%2B00%3A00/leaderboard,200,200
2026-08-22T00:08:00+00:00,https://api.theminos.ai/verification/round/2026-08-22T00%3A08%3A00%2B00%3A00,https://api.theminos.ai/scoring/rounds/2026-08-22T00%3A08%3A00%2B00%3A00/leaderboard,200,200
2026-08-21T22:56:00+00:00,https://api.theminos.ai/verification/round/2026-08-21T22%3A56%3A00%2B00%3A00,https://api.theminos.ai/scoring/rounds/2026-08-21T22%3A56%3A00%2B00%3A00/leaderboard,200,200
2026-08-21T21:44:00+00:00,https://api.theminos.ai/verification/round/2026-08-21T21%3A44%3A00%2B00%3A00,https://api.theminos.ai/scoring/rounds/2026-08-21T21%3A44%3A00%2B00%3A00/leaderboard,200,200
2026-08-21T20:32:00+00:00,https://api.theminos.ai/verification/round/2026-08-21T20%3A32%3A00%2B00%3A00,https://api.theminos.ai/scoring/rounds/2026-08-21T20%3A32%3A00%2B00%3A00/leaderboard,200,200
2026-08-21T19:20:00+00:00,https://api.theminos.ai/verification/round/2026-08-21T19%3A20%3A00%2B00%3A00,https://api.theminos.ai/scoring/rounds/2026-08-21T19%3A20%3A00%2B00%3A00/leaderboard,200,200
2026-08-21T18:08:00+00:00,https://api.theminos.ai/verification/round/2026-08-21T18%3A08%3A00%2B00%3A00,https://api.theminos.ai/scoring/rounds/2026-08-21T18%3A08%3A00%2B00%3A00/leaderboard,200,200
2026-08-21T16:56:00+00:00,https://api.theminos.ai/verification/round/2026-08-21T16%3A56%3A00%2B00%3A00,https://api.theminos.ai/scoring/rounds/2026-08-21T16%3A56%3A00%2B00%3A00/leaderboard,200,200
2026-08-21T15:44:00+00:00,https://api.theminos.ai/verification/round/2026-08-21T15%3A44%3A00%2B00%3A00,https://api.theminos.ai/scoring/rounds/2026-08-21T15%3A44%3A00%2B00%3A00/leaderboard,200,200
2026-08-21T14:32:00+00:00,https://api.theminos.ai/verification/round/2026-08-21T14%3A32%3A00%2B00%3A00,https://api.theminos.ai/scoring/rounds/2026-08-21T14%3A32%3A00%2B00%3A00/leaderboard,200,200
2026-08-21T13:20:00+00:00,https://api.theminos.ai/verification/round/2026-08-21T13%3A20%3A00%2B00%3A00,https://api.theminos.ai/scoring/rounds/2026-08-21T13%3A20%3A00%2B00%3A00/leaderboard,200,200
2026-08-21T12:08:00+00:00,https://api.theminos.ai/verification/round/2026-08-21T12%3A08%3A00%2B00%3A00,https://api.theminos.ai/scoring/rounds/2026-08-21T12%3A08%3A00%2B00%3A00/leaderboard,200,200
2026-08-21T10:56:00+00:00,https://api.theminos.ai/verification/round/2026-08-21T10%3A56%3A00%2B00%3A00,https://api.theminos.ai/scoring/rounds/2026-08-21T10%3A56%3A00%2B00%3A00/leaderboard,200,200
2026-08-21T09:44:00+00:00,https://api.theminos.ai/verification/round/2026-08-21T09%3A44%3A00%2B00%3A00,https://api.theminos.ai/scoring/rounds/2026-08-21T09%3A44%3A00%2B00%3A00/leaderboard,200,200
2026-08-21T08:32:00+00:00,https://api.theminos.ai/verification/round/2026-08-21T08%3A32%3A00%2B00%3A00,https://api.theminos.ai/scoring/rounds/2026-08-21T08%3A32%3A00%2B00%3A00/leaderboard,200,200
2026-08-21T07:20:00+00:00,https://api.theminos.ai/verification/round/2026-08-21T07%3A20%3A00%2B00%3A00,https://api.theminos.ai/scoring/rounds/2026-08-21T07%3A20%3A00%2B00%3A00/leaderboard,200,200
2026-08-21T06:07:00+00:00,https://api.theminos.ai/verification/round/2026-08-21T06%3A07%3A00%2B00%3A00,https://api.theminos.ai/scoring/rounds/2026-08-21T06%3A07%3A00%2B00%3A00/leaderboard,200,200
2026-08-21T04:55:00+00:00,https://api.theminos.ai/verification/round/2026-08-21T04%3A55%3A00%2B00%3A00,https://api.theminos.ai/scoring/rounds/2026-08-21T04%3A55%3A00%2B00%3A00/leaderboard,200,200
2026-08-21T03:43:00+00:00,https://api.theminos.ai/verification/round/2026-08-21T03%3A43%3A00%2B00%3A00,https://api.theminos.ai/scoring/rounds/2026-08-21T03%3A43%3A00%2B00%3A00/leaderboard,200,200
2026-08-21T02:31:00+00:00,https://api.theminos.ai/verification/round/2026-08-21T02%3A31%3A00%2B00%3A00,https://api.theminos.ai/scoring/rounds/2026-08-21T02%3A31%3A00%2B00%3A00/leaderboard,200,200
2026-08-21T01:19:00+00:00,https://api.theminos.ai/verification/round/2026-08-21T01%3A19%3A00%2B00%3A00,https://api.theminos.ai/scoring/rounds/2026-08-21T01%3A19%3A00%2B00%3A00/leaderboard,200,200
2026-08-21T00:07:00+00:00,https://api.theminos.ai/verification/round/2026-08-21T00%3A07%3A00%2B00%3A00,https://api.theminos.ai/scoring/rounds/2026-08-21T00%3A07%3A00%2B00%3A00/leaderboard,200,200
2026-08-20T22:55:00+00:00,https://api.theminos.ai/verification/round/2026-08-20T22%3A55%3A00%2B00%3A00,https://api.theminos.ai/scoring/rounds/2026-08-20T22%3A55%3A00%2B00%3A00/leaderboard,200,200
2026-08-20T21:43:00+00:00,https://api.theminos.ai/verification/round/2026-08-20T21%3A43%3A00%2B00%3A00,https://api.theminos.ai/scoring/rounds/2026-08-20T21%3A43%3A00%2B00%3A00/leaderboard,200,200
2026-08-20T20:31:00+00:00,https://api.theminos.ai/verification/round/2026-08-20T20%3A31%3A00%2B00%3A00,https://api.theminos.ai/scoring/rounds/2026-08-20T20%3A31%3A00%2B00%3A00/leaderboard,200,200
2026-08-20T19:19:00+00:00,https://api.theminos.ai/verification/round/2026-08-20T19%3A19%3A00%2B00%3A00,https://api.theminos.ai/scoring/rounds/2026-08-20T19%3A19%3A00%2B00%3A00/leaderboard,200,200
2026-08-20T18:07:00+00:00,https://api.theminos.ai/verification/round/2026-08-20T18%3A07%3A00%2B00%3A00,https://api.theminos.ai/scoring/rounds/2026-08-20T18%3A07%3A00%2B00%3A00/leaderboard,200,200
2026-08-20T16:55:00+00:00,https://api.theminos.ai/verification/round/2026-08-20T16%3A55%3A00%2B00%3A00,https://api.theminos.ai/scoring/rounds/2026-08-20T16%3A55%3A00%2B00%3A00/leaderboard,200,200
2026-08-20T15:43:00+00:00,https://api.theminos.ai/verification/round/2026-08-20T15%3A43%3A00%2B00%3A00,https://api.theminos.ai/scoring/rounds/2026-08-20T15%3A43%3A00%2B00%3A00/leaderboard,200,200
2026-08-20T14:31:00+00:00,https://api.theminos.ai/verification/round/2026-08-20T14%3A31%3A00%2B00%3A00,https://api.theminos.ai/scoring/rounds/2026-08-20T14%3A31%3A00%2B00%3A00/leaderboard,200,200
2026-08-20T13:19:00+00:00,https://api.theminos.ai/verification/round/2026-08-20T13%3A19%3A00%2B00%3A00,https://api.theminos.ai/scoring/rounds/2026-08-20T13%3A19%3A00%2B00%3A00/leaderboard,200,200
2026-08-20T12:07:00+00:00,https://api.theminos.ai/verification/round/2026-08-20T12%3A07%3A00%2B00%3A00,https://api.theminos.ai/scoring/rounds/2026-08-20T12%3A07%3A00%2B00%3A00/leaderboard,200,200
2026-08-20T10:55:00+00:00,https://api.theminos.ai/verification/round/2026-08-20T10%3A55%3A00%2B00%3A00,https://api.theminos.ai/scoring/rounds/2026-08-20T10%3A55%3A00%2B00%3A00/leaderboard,200,200
2026-08-20T09:43:00+00:00,https://api.theminos.ai/verification/round/2026-08-20T09%3A43%3A00%2B00%3A00,https://api.theminos.ai/scoring/rounds/2026-08-20T09%3A43%3A00%2B00%3A00/leaderboard,200,200
2026-08-20T08:31:00+00:00,https://api.theminos.ai/verification/round/2026-08-20T08%3A31%3A00%2B00%3A00,https://api.theminos.ai/scoring/rounds/2026-08-20T08%3A31%3A00%2B00%3A00/leaderboard,200,200
2026-08-20T07:19:00+00:00,https://api.theminos.ai/verification/round/2026-08-20T07%3A19%3A00%2B00%3A00,https://api.theminos.ai/scoring/rounds/2026-08-20T07%3A19%3A00%2B00%3A00/leaderboard,200,200
2026-08-20T06:07:00+00:00,https://api.theminos.ai/verification/round/2026-08-20T06%3A07%3A00%2B00%3A00,https://api.theminos.ai/scoring/rounds/2026-08-20T06%3A07%3A00%2B00%3A00/leaderboard,200,200
2026-08-20T04:55:00+00:00,https://api.theminos.ai/verification/round/2026-08-20T04%3A55%3A00%2B00%3A00,https://api.theminos.ai/scoring/rounds/2026-08-20T04%3A55%3A00%2B00%3A00/leaderboard,200,200
2026-08-20T03:43:00+00:00,https://api.theminos.ai/verification/round/2026-08-20T03%3A43%3A00%2B00%3A00,https://api.theminos.ai/scoring/rounds/2026-08-20T03%3A43%3A00%2B00%3A00/leaderboard,200,200
2026-08-20T02:31:00+00:00,https://api.theminos.ai/verification/round/2026-08-20T02%3A31%3A00%2B00%3A00,https://api.theminos.ai/scoring/rounds/2026-08-20T02%3A31%3A00%2B00%3A00/leaderboard,200,200
2026-08-20T01:19:00+00:00,https://api.theminos.ai/verification/round/2026-08-20T01%3A19%3A00%2B00%3A00,https://api.theminos.ai/scoring/rounds/2026-08-20T01%3A19%3A00%2B00%3A00/leaderboard,200,200
2026-08-20T00:07:00+00:00,https://api.theminos.ai/verification/round/2026-08-20T00%3A07%3A00%2B00%3A00,https://api.theminos.ai/scoring/rounds/2026-08-20T00%3A07%3A00%2B00%3A00/leaderboard,200,200
2026-08-19T22:55:00+00:00,https://api.theminos.ai/verification/round/2026-08-19T22%3A55%3A00%2B00%3A00,https://api.theminos.ai/scoring/rounds/2026-08-19T22%3A55%3A00%2B00%3A00/leaderboard,200,200
2026-08-19T21:43:00+00:00,https://api.theminos.ai/verification/round/2026-08-19T21%3A43%3A00%2B00%3A00,https://api.theminos.ai/scoring/rounds/2026-08-19T21%3A43%3A00%2B00%3A00/leaderboard,200,200
2026-08-19T20:31:00+00:00,https://api.theminos.ai/verification/round/2026-08-19T20%3A31%3A00%2B00%3A00,https://api.theminos.ai/scoring/rounds/2026-08-19T20%3A31%3A00%2B00%3A00/leaderboard,200,200
2026-08-19T19:19:00+00:00,https://api.theminos.ai/verification/round/2026-08-19T19%3A19%3A00%2B00%3A00,https://api.theminos.ai/scoring/rounds/2026-08-19T19%3A19%3A00%2B00%3A00/leaderboard,200,200
2026-08-19T18:07:00+00:00,https://api.theminos.ai/verification/round/2026-08-19T18%3A07%3A00%2B00%3A00,https://api.theminos.ai/scoring/rounds/2026-08-19T18%3A07%3A00%2B00%3A00/leaderboard,200,200
2026-08-19T16:55:00+00:00,https://api.theminos.ai/verification/round/2026-08-19T16%3A55%3A00%2B00%3A00,https://api.theminos.ai/scoring/rounds/2026-08-19T16%3A55%3A00%2B00%3A00/leaderboard,200,200
2026-08-19T15:43:00+00:00,https://api.theminos.ai/verification/round/2026-08-19T15%3A43%3A00%2B00%3A00,https://api.theminos.ai/scoring/rounds/2026-08-19T15%3A43%3A00%2B00%3A00/leaderboard,200,200
2026-08-19T14:31:00+00:00,https://api.theminos.ai/verification/round/2026-08-19T14%3A31%3A00%2B00%3A00,https://api.theminos.ai/scoring/rounds/2026-08-19T14%3A31%3A00%2B00%3A00/leaderboard,200,200
2026-08-19T13:19:00+00:00,https://api.theminos.ai/verification/round/2026-08-19T13%3A19%3A00%2B00%3A00,https://api.theminos.ai/scoring/rounds/2026-08-19T13%3A19%3A00%2B00%3A00/leaderboard,200,200
2026-08-19T12:07:00+00:00,https://api.theminos.ai/verification/round/2026-08-19T12%3A07%3A00%2B00%3A00,https://api.theminos.ai/scoring/rounds/2026-08-19T12%3A07%3A00%2B00%3A00/leaderboard,200,200
2026-08-19T10:55:00+00:00,https://api.theminos.ai/verification/round/2026-08-19T10%3A55%3A00%2B00%3A00,https://api.theminos.ai/scoring/rounds/2026-08-19T10%3A55%3A00%2B00%3A00/leaderboard,200,200
2026-08-19T09:43:00+00:00,https://api.theminos.ai/verification/round/2026-08-19T09%3A43%3A00%2B00%3A00,https://api.theminos.ai/scoring/rounds/2026-08-19T09%3A43%3A00%2B00%3A00/leaderboard,200,200
2026-08-19T08:31:00+00:00,https://api.theminos.ai/verification/round/2026-08-19T08%3A31%3A00%2B00%3A00,https://api.theminos.ai/scoring/rounds/2026-08-19T08%3A31%3A00%2B00%3A00/leaderboard,200,200
2026-08-19T07:19:00+00:00,https://api.theminos.ai/verification/round/2026-08-19T07%3A19%3A00%2B00%3A00,https://api.theminos.ai/scoring/rounds/2026-08-19T07%3A19%3A00%2B00%3A00/leaderboard,200,200
2026-08-19T06:07:00+00:00,https://api.theminos.ai/verification/round/2026-08-19T06%3A07%3A00%2B00%3A00,https://api.theminos.ai/scoring/rounds/2026-08-19T06%3A07%3A00%2B00%3A00/leaderboard,200,200
2026-08-19T04:55:00+00:00,https://api.theminos.ai/verification/round/2026-08-19T04%3A55%3A00%2B00%3A00,https://api.theminos.ai/scoring/rounds/2026-08-19T04%3A55%3A00%2B00%3A00/leaderboard,200,200
2026-08-19T03:43:00+00:00,https://api.theminos.ai/verification/round/2026-08-19T03%3A43%3A00%2B00%3A00,https://api.theminos.ai/scoring/rounds/2026-08-19T03%3A43%3A00%2B00%3A00/leaderboard,200,200
2026-08-19T02:31:00+00:00,https://api.theminos.ai/verification/round/2026-08-19T02%3A31%3A00%2B00%3A00,https://api.theminos.ai/scoring/rounds/2026-08-19T02%3A31%3A00%2B00%3A00/leaderboard,200,200
2026-08-19T01:19:00+00:00,https://api.theminos.ai/verification/round/2026-08-19T01%3A19%3A00%2B00%3A00,https://api.theminos.ai/scoring/rounds/2026-08-19T01%3A19%3A00%2B00%3A00/leaderboard,200,200
2026-08-19T00:07:00+00:00,https://api.theminos.ai/verification/round/2026-08-19T00%3A07%3A00%2B00%3A00,https://api.theminos.ai/scoring/rounds/2026-08-19T00%3A07%3A00%2B00%3A00/leaderboard,200,200
2026-08-18T22:55:00+00:00,https://api.theminos.ai/verification/round/2026-08-18T22%3A55%3A00%2B00%3A00,https://api.theminos.ai/scoring/rounds/2026-08-18T22%3A55%3A00%2B00%3A00/leaderboard,200,200
2026-08-18T21:43:00+00:00,https://api.theminos.ai/verification/round/2026-08-18T21%3A43%3A00%2B00%3A00,https://api.theminos.ai/scoring/rounds/2026-08-18T21%3A43%3A00%2B00%3A00/leaderboard,200,200
2026-08-18T20:31:00+00:00,https://api.theminos.ai/verification/round/2026-08-18T20%3A31%3A00%2B00%3A00,https://api.theminos.ai/scoring/rounds/2026-08-18T20%3A31%3A00%2B00%3A00/leaderboard,200,200
2026-08-18T19:19:00+00:00,https://api.theminos.ai/verification/round/2026-08-18T19%3A19%3A00%2B00%3A00,https://api.theminos.ai/scoring/rounds/2026-08-18T19%3A19%3A00%2B00%3A00/leaderboard,200,200
2026-08-18T18:07:00+00:00,https://api.theminos.ai/verification/round/2026-08-18T18%3A07%3A00%2B00%3A00,https://api.theminos.ai/scoring/rounds/2026-08-18T18%3A07%3A00%2B00%3A00/leaderboard,200,200
2026-08-18T16:55:00+00:00,https://api.theminos.ai/verification/round/2026-08-18T16%3A55%3A00%2B00%3A00,https://api.theminos.ai/scoring/rounds/2026-08-18T16%3A55%3A00%2B00%3A00/leaderboard,200,200
2026-08-18T15:43:00+00:00,https://api.theminos.ai/verification/round/2026-08-18T15%3A43%3A00%2B00%3A00,https://api.theminos.ai/scoring/rounds/2026-08-18T15%3A43%3A00%2B00%3A00/leaderboard,200,200
2026-08-18T14:31:00+00:00,https://api.theminos.ai/verification/round/2026-08-18T14%3A31%3A00%2B00%3A00,https://api.theminos.ai/scoring/rounds/2026-08-18T14%3A31%3A00%2B00%3A00/leaderboard,200,200
2026-08-18T13:19:00+00:00,https://api.theminos.ai/verification/round/2026-08-18T13%3A19%3A00%2B00%3A00,https://api.theminos.ai/scoring/rounds/2026-08-18T13%3A19%3A00%2B00%3A00/leaderboard,200,200
2026-08-18T12:07:00+00:00,https://api.theminos.ai/verification/round/2026-08-18T12%3A07%3A00%2B00%3A00,https://api.theminos.ai/scoring/rounds/2026-08-18T12%3A07%3A00%2B00%3A00/leaderboard,200,200
2026-08-18T10:55:00+00:00,https://api.theminos.ai/verification/round/2026-08-18T10%3A55%3A00%2B00%3A00,https://api.theminos.ai/scoring/rounds/2026-08-18T10%3A55%3A00%2B00%3A00/leaderboard,200,200
2026-08-18T09:43:00+00:00,https://api.theminos.ai/verification/round/2026-08-18T09%3A43%3A00%2B00%3A00,https://api.theminos.ai/scoring/rounds/2026-08-18T09%3A43%3A00%2B00%3A00/leaderboard,200,200
2026-08-18T08:31:00+00:00,https://api.theminos.ai/verification/round/2026-08-18T08%3A31%3A00%2B00%3A00,https://api.theminos.ai/scoring/rounds/2026-08-18T08%3A31%3A00%2B00%3A00/leaderboard,200,200
2026-08-18T07:19:00+00:00,https://api.theminos.ai/verification/round/2026-08-18T07%3A19%3A00%2B00%3A00,https://api.theminos.ai/scoring/rounds/2026-08-18T07%3A19%3A00%2B00%3A00/leaderboard,200,200
2026-08-18T06:07:00+00:00,https://api.theminos.ai/verification/round/2026-08-18T06%3A07%3A00%2B00%3A00,https://api.theminos.ai/scoring/rounds/2026-08-18T06%3A07%3A00%2B00%3A00/leaderboard,200,200
2026-08-18T04:55:00+00:00,https://api.theminos.ai/verification/round/2026-08-18T04%3A55%3A00%2B00%3A00,https://api.theminos.ai/scoring/rounds/2026-08-18T04%3A55%3A00%2B00%3A00/leaderboard,200,200
2026-08-18T03:43:00+00:00,https://api.theminos.ai/verification/round/2026-08-18T03%3A43%3A00%2B00%3A00,https://api.theminos.ai/scoring/rounds/2026-08-18T03%3A43%3A00%2B00%3A00/leaderboard,200,200
2026-08-18T02:31:00+00:00,https://api.theminos.ai/verification/round/2026-08-18T02%3A31%3A00%2B00%3A00,https://api.theminos.ai/scoring/rounds/2026-08-18T02%3A31%3A00%2B00%3A00/leaderboard,200,200
2026-08-18T01:19:00+00:00,https://api.theminos.ai/verification/round/2026-08-18T01%3A19%3A00%2B00%3A00,https://api.theminos.ai/scoring/rounds/2026-08-18T01%3A19%3A00%2B00%3A00/leaderboard,200,200
2026-08-18T00:07:00+00:00,https://api.theminos.ai/verification/round/2026-08-18T00%3A07%3A00%2B00%3A00,https://api.theminos.ai/scoring/rounds/2026-08-18T00%3A07%3A00%2B00%3A00/leaderboard,200,200
2026-08-17T22:55:00+00:00,https://api.theminos.ai/verification/round/2026-08-17T22%3A55%3A00%2B00%3A00,https://api.theminos.ai/scoring/rounds/2026-08-17T22%3A55%3A00%2B00%3A00/leaderboard,200,200
2026-08-17T21:43:00+00:00,https://api.theminos.ai/verification/round/2026-08-17T21%3A43%3A00%2B00%3A00,https://api.theminos.ai/scoring/rounds/2026-08-17T21%3A43%3A00%2B00%3A00/leaderboard,200,200
2026-08-17T20:31:00+00:00,https://api.theminos.ai/verification/round/2026-08-17T20%3A31%3A00%2B00%3A00,https://api.theminos.ai/scoring/rounds/2026-08-17T20%3A31%3A00%2B00%3A00/leaderboard,200,200
2026-08-17T19:19:00+00:00,https://api.theminos.ai/verification/round/2026-08-17T19%3A19%3A00%2B00%3A00,https://api.theminos.ai/scoring/rounds/2026-08-17T19%3A19%3A00%2B00%3A00/leaderboard,200,200
2026-08-17T18:07:00+00:00,https://api.theminos.ai/verification/round/2026-08-17T18%3A07%3A00%2B00%3A00,https://api.theminos.ai/scoring/rounds/2026-08-17T18%3A07%3A00%2B00%3A00/leaderboard,200,200
2026-08-17T16:55:00+00:00,https://api.theminos.ai/verification/round/2026-08-17T16%3A55%3A00%2B00%3A00,https://api.theminos.ai/scoring/rounds/2026-08-17T16%3A55%3A00%2B00%3A00/leaderboard,200,200
2026-08-17T15:43:00+00:00,https://api.theminos.ai/verification/round/2026-08-17T15%3A43%3A00%2B00%3A00,https://api.theminos.ai/scoring/rounds/2026-08-17T15%3A43%3A00%2B00%3A00/leaderboard,200,200
2026-08-17T14:31:00+00:00,https://api.theminos.ai/verification/round/2026-08-17T14%3A31%3A00%2B00%3A00,https://api.theminos.ai/scoring/rounds/2026-08-17T14%3A31%3A00%2B00%3A00/leaderboard,200,200
2026-08-17T13:19:00+00:00,https://api.theminos.ai/verification/round/2026-08-17T13%3A19%3A00%2B00%3A00,https://api.theminos.ai/scoring/rounds/2026-08-17T13%3A19%3A00%2B00%3A00/leaderboard,200,200
2026-08-17T12:07:00+00:00,https://api.theminos.ai/verification/round/2026-08-17T12%3A07%3A00%2B00%3A00,https://api.theminos.ai/scoring/rounds/2026-08-17T12%3A07%3A00%2B00%3A00/leaderboard,200,200
2026-08-17T10:55:00+00:00,https://api.theminos.ai/verification/round/2026-08-17T10%3A55%3A00%2B00%3A00,https://api.theminos.ai/scoring/rounds/2026-08-17T10%3A55%3A00%2B00%3A00/leaderboard,200,200
2026-08-17T09:43:00+00:00,https://api.theminos.ai/verification/round/2026-08-17T09%3A43%3A00%2B00%3A00,https://api.theminos.ai/scoring/rounds/2026-08-17T09%3A43%3A00%2B00%3A00/leaderboard,200,200
2026-08-17T08:31:00+00:00,https://api.theminos.ai/verification/round/2026-08-17T08%3A31%3A00%2B00%3A00,https://api.theminos.ai/scoring/rounds/2026-08-17T08%3A31%3A00%2B00%3A00/leaderboard,200,200
2026-08-17T07:19:00+00:00,https://api.theminos.ai/verification/round/2026-08-17T07%3A19%3A00%2B00%3A00,https://api.theminos.ai/scoring/rounds/2026-08-17T07%3A19%3A00%2B00%3A00/leaderboard,200,200
2026-08-17T06:07:00+00:00,https://api.theminos.ai/verification/round/2026-08-17T06%3A07%3A00%2B00%3A00,https://api.theminos.ai/scoring/rounds/2026-08-17T06%3A07%3A00%2B00%3A00/leaderboard,200,200
2026-08-17T04:55:00+00:00,https://api.theminos.ai/verification/round/2026-08-17T04%3A55%3A00%2B00%3A00,https://api.theminos.ai/scoring/rounds/2026-08-17T04%3A55%3A00%2B00%3A00/leaderboard,200,200
2026-08-17T03:43:00+00:00,https://api.theminos.ai/verification/round/2026-08-17T03%3A43%3A00%2B00%3A00,https://api.theminos.ai/scoring/rounds/2026-08-17T03%3A43%3A00%2B00%3A00/leaderboard,200,200
2026-08-17T02:31:00+00:00,https://api.theminos.ai/verification/round/2026-08-17T02%3A31%3A00%2B00%3A00,https://api.theminos.ai/scoring/rounds/2026-08-17T02%3A31%3A00%2B00%3A00/leaderboard,200,200
2026-08-17T01:19:00+00:00,https://api.theminos.ai/verification/round/2026-08-17T01%3A19%3A00%2B00%3A00,https://api.theminos.ai/scoring/rounds/2026-08-17T01%3A19%3A00%2B00%3A00/leaderboard,200,200
2026-08-17T00:07:00+00:00,https://api.theminos.ai/verification/round/2026-08-17T00%3A07%3A00%2B00%3A00,https://api.theminos.ai/scoring/rounds/2026-08-17T00%3A07%3A00%2B00%3A00/leaderboard,200,200
2026-08-16T22:55:00+00:00,https://api.theminos.ai/verification/round/2026-08-16T22%3A55%3A00%2B00%3A00,https://api.theminos.ai/scoring/rounds/2026-08-16T22%3A55%3A00%2B00%3A00/leaderboard,200,200
2026-08-16T21:43:00+00:00,https://api.theminos.ai/verification/round/2026-08-16T21%3A43%3A00%2B00%3A00,https://api.theminos.ai/scoring/rounds/2026-08-16T21%3A43%3A00%2B00%3A00/leaderboard,200,200
2026-08-16T20:31:00+00:00,https://api.theminos.ai/verification/round/2026-08-16T20%3A31%3A00%2B00%3A00,https://api.theminos.ai/scoring/rounds/2026-08-16T20%3A31%3A00%2B00%3A00/leaderboard,200,200
2026-08-16T19:19:00+00:00,https://api.theminos.ai/verification/round/2026-08-16T19%3A19%3A00%2B00%3A00,https://api.theminos.ai/scoring/rounds/2026-08-16T19%3A19%3A00%2B00%3A00/leaderboard,200,200
2026-08-16T18:07:00+00:00,https://api.theminos.ai/verification/round/2026-08-16T18%3A07%3A00%2B00%3A00,https://api.theminos.ai/scoring/rounds/2026-08-16T18%3A07%3A00%2B00%3A00/leaderboard,200,200
2026-08-16T16:55:00+00:00,https://api.theminos.ai/verification/round/2026-08-16T16%3A55%3A00%2B00%3A00,https://api.theminos.ai/scoring/rounds/2026-08-16T16%3A55%3A00%2B00%3A00/leaderboard,200,200
2026-08-16T15:43:00+00:00,https://api.theminos.ai/verification/round/2026-08-16T15%3A43%3A00%2B00%3A00,https://api.theminos.ai/scoring/rounds/2026-08-16T15%3A43%3A00%2B00%3A00/leaderboard,200,200
2026-08-16T14:31:00+00:00,https://api.theminos.ai/verification/round/2026-08-16T14%3A31%3A00%2B00%3A00,https://api.theminos.ai/scoring/rounds/2026-08-16T14%3A31%3A00%2B00%3A00/leaderboard,200,200
2026-08-16T13:19:00+00:00,https://api.theminos.ai/verification/round/2026-08-16T13%3A19%3A00%2B00%3A00,https://api.theminos.ai/scoring/rounds/2026-08-16T13%3A19%3A00%2B00%3A00/leaderboard,200,200
2026-08-16T12:07:00+00:00,https://api.theminos.ai/verification/round/2026-08-16T12%3A07%3A00%2B00%3A00,https://api.theminos.ai/scoring/rounds/2026-08-16T12%3A07%3A00%2B00%3A00/leaderboard,200,200
2026-08-16T10:55:00+00:00,https://api.theminos.ai/verification/round/2026-08-16T10%3A55%3A00%2B00%3A00,https://api.theminos.ai/scoring/rounds/2026-08-16T10%3A55%3A00%2B00%3A00/leaderboard,200,200
2026-08-16T09:43:00+00:00,https://api.theminos.ai/verification/round/2026-08-16T09%3A43%3A00%2B00%3A00,https://api.theminos.ai/scoring/rounds/2026-08-16T09%3A43%3A00%2B00%3A00/leaderboard,200,200
2026-08-16T08:31:00+00:00,https://api.theminos.ai/verification/round/2026-08-16T08%3A31%3A00%2B00%3A00,https://api.theminos.ai/scoring/rounds/2026-08-16T08%3A31%3A00%2B00%3A00/leaderboard,200,200
2026-08-16T07:19:00+00:00,https://api.theminos.ai/verification/round/2026-08-16T07%3A19%3A00%2B00%3A00,https://api.theminos.ai/scoring/rounds/2026-08-16T07%3A19%3A00%2B00%3A00/leaderboard,200,200
2026-08-16T06:07:00+00:00,https://api.theminos.ai/verification/round/2026-08-16T06%3A07%3A00%2B00%3A00,https://api.theminos.ai/scoring/rounds/2026-08-16T06%3A07%3A00%2B00%3A00/leaderboard,200,200
2026-08-16T04:55:00+00:00,https://api.theminos.ai/verification/round/2026-08-16T04%3A55%3A00%2B00%3A00,https://api.theminos.ai/scoring/rounds/2026-08-16T04%3A55%3A00%2B00%3A00/leaderboard,200,200
2026-08-16T03:43:00+00:00,https://api.theminos.ai/verification/round/2026-08-16T03%3A43%3A00%2B00%3A00,https://api.theminos.ai/scoring/rounds/2026-08-16T03%3A43%3A00%2B00%3A00/leaderboard,200,200
2026-08-16T02:31:00+00:00,https://api.theminos.ai/verification/round/2026-08-16T02%3A31%3A00%2B00%3A00,https://api.theminos.ai/scoring/rounds/2026-08-16T02%3A31%3A00%2B00%3A00/leaderboard,200,200
2026-08-16T01:19:00+00:00,https://api.theminos.ai/verification/round/2026-08-16T01%3A19%3A00%2B00%3A00,https://api.theminos.ai/scoring/rounds/2026-08-16T01%3A19%3A00%2B00%3A00/leaderboard,200,200
2026-08-16T00:07:00+00:00,https://api.theminos.ai/verification/round/2026-08-16T00%3A07%3A00%2B00%3A00,https://api.theminos.ai/scoring/rounds/2026-08-16T00%3A07%3A00%2B00%3A00/leaderboard,200,200
2026-08-15T22:55:00+00:00,https://api.theminos.ai/verification/round/2026-08-15T22%3A55%3A00%2B00%3A00,https://api.theminos.ai/scoring/rounds/2026-08-15T22%3A55%3A00%2B00%3A00/leaderboard,200,200
2026-08-15T21:43:00+00:00,https://api.theminos.ai/verification/round/2026-08-15T21%3A43%3A00%2B00%3A00,https://api.theminos.ai/scoring/rounds/2026-08-15T21%3A43%3A00%2B00%3A00/leaderboard,200,200
2026-08-15T20:31:00+00:00,https://api.theminos.ai/verification/round/2026-08-15T20%3A31%3A00%2B00%3A00,https://api.theminos.ai/scoring/rounds/2026-08-15T20%3A31%3A00%2B00%3A00/leaderboard,200,200
2026-08-15T19:19:00+00:00,https://api.theminos.ai/verification/round/2026-08-15T19%3A19%3A00%2B00%3A00,https://api.theminos.ai/scoring/rounds/2026-08-15T19%3A19%3A00%2B00%3A00/leaderboard,200,200
2026-08-15T18:07:00+00:00,https://api.theminos.ai/verification/round/2026-08-15T18%3A07%3A00%2B00%3A00,https://api.theminos.ai/scoring/rounds/2026-08-15T18%3A07%3A00%2B00%3A00/leaderboard,200,200
2026-08-15T16:55:00+00:00,https://api.theminos.ai/verification/round/2026-08-15T16%3A55%3A00%2B00%3A00,https://api.theminos.ai/scoring/rounds/2026-08-15T16%3A55%3A00%2B00%3A00/leaderboard,200,200
2026-08-15T15:43:00+00:00,https://api.theminos.ai/verification/round/2026-08-15T15%3A43%3A00%2B00%3A00,https://api.theminos.ai/scoring/rounds/2026-08-15T15%3A43%3A00%2B00%3A00/leaderboard,200,200
2026-08-15T14:31:00+00:00,https://api.theminos.ai/verification/round/2026-08-15T14%3A31%3A00%2B00%3A00,https://api.theminos.ai/scoring/rounds/2026-08-15T14%3A31%3A00%2B00%3A00/leaderboard,200,200
2026-08-15T13:19:00+00:00,https://api.theminos.ai/verification/round/2026-08-15T13%3A19%3A00%2B00%3A00,https://api.theminos.ai/scoring/rounds/2026-08-15T13%3A19%3A00%2B00%3A00/leaderboard,200,200
2026-08-15T12:07:00+00:00,https://api.theminos.ai/verification/round/2026-08-15T12%3A07%3A00%2B00%3A00,https://api.theminos.ai/scoring/rounds/2026-08-15T12%3A07%3A00%2B00%3A00/leaderboard,200,200
2026-08-15T10:55:00+00:00,https://api.theminos.ai/verification/round/2026-08-15T10%3A55%3A00%2B00%3A00,https://api.theminos.ai/scoring/rounds/2026-08-15T10%3A55%3A00%2B00%3A00/leaderboard,200,200
2026-08-15T09:43:00+00:00,https://api.theminos.ai/verification/round/2026-08-15T09%3A43%3A00%2B00%3A00,https://api.theminos.ai/scoring/rounds/2026-08-15T09%3A43%3A00%2B00%3A00/leaderboard,200,200
2026-08-15T08:31:00+00:00,https://api.theminos.ai/verification/round/2026-08-15T08%3A31%3A00%2B00%3A00,https://api.theminos.ai/scoring/rounds/2026-08-15T08%3A31%3A00%2B00%3A00/leaderboard,200,200
2026-08-15T07:19:00+00:00,https://api.theminos.ai/verification/round/2026-08-15T07%3A19%3A00%2B00%3A00,https://api.theminos.ai/scoring/rounds/2026-08-15T07%3A19%3A00%2B00%3A00/leaderboard,200,200
2026-08-15T06:07:00+00:00,https://api.theminos.ai/verification/round/2026-08-15T06%3A07%3A00%2B00%3A00,https://api.theminos.ai/scoring/rounds/2026-08-15T06%3A07%3A00%2B00%3A00/leaderboard,200,200
2026-08-15T04:55:00+00:00,https://api.theminos.ai/verification/round/2026-08-15T04%3A55%3A00%2B00%3A00,https://api.theminos.ai/scoring/rounds/2026-08-15T04%3A55%3A00%2B00%3A00/leaderboard,200,200
2026-08-15T03:43:00+00:00,https://api.theminos.ai/verification/round/2026-08-15T03%3A43%3A00%2B00%3A00,https://api.theminos.ai/scoring/rounds/2026-08-15T03%3A43%3A00%2B00%3A00/leaderboard,200,200
2026-08-15T02:31:00+00:00,https://api.theminos.ai/verification/round/2026-08-15T02%3A31%3A00%2B00%3A00,https://api.theminos.ai/scoring/rounds/2026-08-15T02%3A31%3A00%2B00%3A00/leaderboard,200,200
2026-08-15T01:19:00+00:00,https://api.theminos.ai/verification/round/2026-08-15T01%3A19%3A00%2B00%3A00,https://api.theminos.ai/scoring/rounds/2026-08-15T01%3A19%3A00%2B00%3A00/leaderboard,200,200
2026-08-15T00:07:00+00:00,https://api.theminos.ai/verification/round/2026-08-15T00%3A07%3A00%2B00%3A00,https://api.theminos.ai/scoring/rounds/2026-08-15T00%3A07%3A00%2B00%3A00/leaderboard,200,200
2026-08-14T22:55:00+00:00,https://api.theminos.ai/verification/round/2026-08-14T22%3A55%3A00%2B00%3A00,https://api.theminos.ai/scoring/rounds/2026-08-14T22%3A55%3A00%2B00%3A00/leaderboard,200,200
2026-08-14T21:43:00+00:00,https://api.theminos.ai/verification/round/2026-08-14T21%3A43%3A00%2B00%3A00,https://api.theminos.ai/scoring/rounds/2026-08-14T21%3A43%3A00%2B00%3A00/leaderboard,200,200
2026-08-14T20:31:00+00:00,https://api.theminos.ai/verification/round/2026-08-14T20%3A31%3A00%2B00%3A00,https://api.theminos.ai/scoring/rounds/2026-08-14T20%3A31%3A00%2B00%3A00/leaderboard,200,200
2026-08-14T19:19:00+00:00,https://api.theminos.ai/verification/round/2026-08-14T19%3A19%3A00%2B00%3A00,https://api.theminos.ai/scoring/rounds/2026-08-14T19%3A19%3A00%2B00%3A00/leaderboard,200,200
2026-08-14T18:07:00+00:00,https://api.theminos.ai/verification/round/2026-08-14T18%3A07%3A00%2B00%3A00,https://api.theminos.ai/scoring/rounds/2026-08-14T18%3A07%3A00%2B00%3A00/leaderboard,200,200
2026-08-14T16:55:00+00:00,https://api.theminos.ai/verification/round/2026-08-14T16%3A55%3A00%2B00%3A00,https://api.theminos.ai/scoring/rounds/2026-08-14T16%3A55%3A00%2B00%3A00/leaderboard,200,200
2026-08-14T15:43:00+00:00,https://api.theminos.ai/verification/round/2026-08-14T15%3A43%3A00%2B00%3A00,https://api.theminos.ai/scoring/rounds/2026-08-14T15%3A43%3A00%2B00%3A00/leaderboard,200,200
2026-08-14T14:31:00+00:00,https://api.theminos.ai/verification/round/2026-08-14T14%3A31%3A00%2B00%3A00,https://api.theminos.ai/scoring/rounds/2026-08-14T14%3A31%3A00%2B00%3A00/leaderboard,200,200
2026-08-14T13:19:00+00:00,https://api.theminos.ai/verification/round/2026-08-14T13%3A19%3A00%2B00%3A00,https://api.theminos.ai/scoring/rounds/2026-08-14T13%3A19%3A00%2B00%3A00/leaderboard,200,200
2026-08-14T12:07:00+00:00,https://api.theminos.ai/verification/round/2026-08-14T12%3A07%3A00%2B00%3A00,https://api.theminos.ai/scoring/rounds/2026-08-14T12%3A07%3A00%2B00%3A00/leaderboard,200,200
2026-08-14T10:55:00+00:00,https://api.theminos.ai/verification/round/2026-08-14T10%3A55%3A00%2B00%3A00,https://api.theminos.ai/scoring/rounds/2026-08-14T10%3A55%3A00%2B00%3A00/leaderboard,200,200
2026-08-14T09:43:00+00:00,https://api.theminos.ai/verification/round/2026-08-14T09%3A43%3A00%2B00%3A00,https://api.theminos.ai/scoring/rounds/2026-08-14T09%3A43%3A00%2B00%3A00/leaderboard,200,200
2026-08-14T08:31:00+00:00,https://api.theminos.ai/verification/round/2026-08-14T08%3A31%3A00%2B00%3A00,https://api.theminos.ai/scoring/rounds/2026-08-14T08%3A31%3A00%2B00%3A00/leaderboard,200,200
2026-08-14T07:19:00+00:00,https://api.theminos.ai/verification/round/2026-08-14T07%3A19%3A00%2B00%3A00,https://api.theminos.ai/scoring/rounds/2026-08-14T07%3A19%3A00%2B00%3A00/leaderboard,200,200
2026-08-14T06:07:00+00:00,https://api.theminos.ai/verification/round/2026-08-14T06%3A07%3A00%2B00%3A00,https://api.theminos.ai/scoring/rounds/2026-08-14T06%3A07%3A00%2B00%3A00/leaderboard,200,200
2026-08-14T04:55:00+00:00,https://api.theminos.ai/verification/round/2026-08-14T04%3A55%3A00%2B00%3A00,https://api.theminos.ai/scoring/rounds/2026-08-14T04%3A55%3A00%2B00%3A00/leaderboard,200,200
2026-08-14T03:43:00+00:00,https://api.theminos.ai/verification/round/2026-08-14T03%3A43%3A00%2B00%3A00,https://api.theminos.ai/scoring/rounds/2026-08-14T03%3A43%3A00%2B00%3A00/leaderboard,200,200
2026-08-14T02:31:00+00:00,https://api.theminos.ai/verification/round/2026-08-14T02%3A31%3A00%2B00%3A00,https://api.theminos.ai/scoring/rounds/2026-08-14T02%3A31%3A00%2B00%3A00/leaderboard,200,200
2026-08-14T01:19:00+00:00,https://api.theminos.ai/verification/round/2026-08-14T01%3A19%3A00%2B00%3A00,https://api.theminos.ai/scoring/rounds/2026-08-14T01%3A19%3A00%2B00%3A00/leaderboard,200,200
2026-08-14T00:07:00+00:00,https://api.theminos.ai/verification/round/2026-08-14T00%3A07%3A00%2B00%3A00,https://api.theminos.ai/scoring/rounds/2026-08-14T00%3A07%3A00%2B00%3A00/leaderboard,200,200
2026-08-13T22:55:00+00:00,https://api.theminos.ai/verification/round/2026-08-13T22%3A55%3A00%2B00%3A00,https://api.theminos.ai/scoring/rounds/2026-08-13T22%3A55%3A00%2B00%3A00/leaderboard,200,200
2026-08-13T21:43:00+00:00,https://api.theminos.ai/verification/round/2026-08-13T21%3A43%3A00%2B00%3A00,https://api.theminos.ai/scoring/rounds/2026-08-13T21%3A43%3A00%2B00%3A00/leaderboard,200,200
2026-08-13T20:31:00+00:00,https://api.theminos.ai/verification/round/2026-08-13T20%3A31%3A00%2B00%3A00,https://api.theminos.ai/scoring/rounds/2026-08-13T20%3A31%3A00%2B00%3A00/leaderboard,200,200
2026-08-13T19:19:00+00:00,https://api.theminos.ai/verification/round/2026-08-13T19%3A19%3A00%2B00%3A00,https://api.theminos.ai/scoring/rounds/2026-08-13T19%3A19%3A00%2B00%3A00/leaderboard,200,200
2026-08-13T18:07:00+00:00,https://api.theminos.ai/verification/round/2026-08-13T18%3A07%3A00%2B00%3A00,https://api.theminos.ai/scoring/rounds/2026-08-13T18%3A07%3A00%2B00%3A00/leaderboard,200,200
2026-08-13T16:55:00+00:00,https://api.theminos.ai/verification/round/2026-08-13T16%3A55%3A00%2B00%3A00,https://api.theminos.ai/scoring/rounds/2026-08-13T16%3A55%3A00%2B00%3A00/leaderboard,200,200
2026-08-13T15:43:00+00:00,https://api.theminos.ai/verification/round/2026-08-13T15%3A43%3A00%2B00%3A00,https://api.theminos.ai/scoring/rounds/2026-08-13T15%3A43%3A00%2B00%3A00/leaderboard,200,200
2026-08-13T14:31:00+00:00,https://api.theminos.ai/verification/round/2026-08-13T14%3A31%3A00%2B00%3A00,https://api.theminos.ai/scoring/rounds/2026-08-13T14%3A31%3A00%2B00%3A00/leaderboard,200,200
2026-08-13T13:19:00+00:00,https://api.theminos.ai/verification/round/2026-08-13T13%3A19%3A00%2B00%3A00,https://api.theminos.ai/scoring/rounds/2026-08-13T13%3A19%3A00%2B00%3A00/leaderboard,200,200
2026-08-13T12:07:00+00:00,https://api.theminos.ai/verification/round/2026-08-13T12%3A07%3A00%2B00%3A00,https://api.theminos.ai/scoring/rounds/2026-08-13T12%3A07%3A00%2B00%3A00/leaderboard,200,200
2026-08-13T10:55:00+00:00,https://api.theminos.ai/verification/round/2026-08-13T10%3A55%3A00%2B00%3A00,https://api.theminos.ai/scoring/rounds/2026-08-13T10%3A55%3A00%2B00%3A00/leaderboard,200,200
2026-08-13T09:43:00+00:00,https://api.theminos.ai/verification/round/2026-08-13T09%3A43%3A00%2B00%3A00,https://api.theminos.ai/scoring/rounds/2026-08-13T09%3A43%3A00%2B00%3A00/leaderboard,200,200
2026-08-13T08:31:00+00:00,https://api.theminos.ai/verification/round/2026-08-13T08%3A31%3A00%2B00%3A00,https://api.theminos.ai/scoring/rounds/2026-08-13T08%3A31%3A00%2B00%3A00/leaderboard,200,200
2026-08-13T07:19:00+00:00,https://api.theminos.ai/verification/round/2026-08-13T07%3A19%3A00%2B00%3A00,https://api.theminos.ai/scoring/rounds/2026-08-13T07%3A19%3A00%2B00%3A00/leaderboard,200,200
2026-08-13T06:07:00+00:00,https://api.theminos.ai/verification/round/2026-08-13T06%3A07%3A00%2B00%3A00,https://api.theminos.ai/scoring/rounds/2026-08-13T06%3A07%3A00%2B00%3A00/leaderboard,200,200
2026-08-13T04:55:00+00:00,https://api.theminos.ai/verification/round/2026-08-13T04%3A55%3A00%2B00%3A00,https://api.theminos.ai/scoring/rounds/2026-08-13T04%3A55%3A00%2B00%3A00/leaderboard,200,200
2026-08-13T03:43:00+00:00,https://api.theminos.ai/verification/round/2026-08-13T03%3A43%3A00%2B00%3A00,https://api.theminos.ai/scoring/rounds/2026-08-13T03%3A43%3A00%2B00%3A00/leaderboard,200,200
2026-08-13T02:31:00+00:00,https://api.theminos.ai/verification/round/2026-08-13T02%3A31%3A00%2B00%3A00,https://api.theminos.ai/scoring/rounds/2026-08-13T02%3A31%3A00%2B00%3A00/leaderboard,200,200
2026-08-13T01:19:00+00:00,https://api.theminos.ai/verification/round/2026-08-13T01%3A19%3A00%2B00%3A00,https://api.theminos.ai/scoring/rounds/2026-08-13T01%3A19%3A00%2B00%3A00/leaderboard,200,200
2026-08-13T00:07:00+00:00,https://api.theminos.ai/verification/round/2026-08-13T00%3A07%3A00%2B00%3A00,https://api.theminos.ai/scoring/rounds/2026-08-13T00%3A07%3A00%2B00%3A00/leaderboard,200,200
2026-08-12T22:55:00+00:00,https://api.theminos.ai/verification/round/2026-08-12T22%3A55%3A00%2B00%3A00,https://api.theminos.ai/scoring/rounds/2026-08-12T22%3A55%3A00%2B00%3A00/leaderboard,200,200
2026-08-12T21:43:00+00:00,https://api.theminos.ai/verification/round/2026-08-12T21%3A43%3A00%2B00%3A00,https://api.theminos.ai/scoring/rounds/2026-08-12T21%3A43%3A00%2B00%3A00/leaderboard,200,200
2026-08-12T20:31:00+00:00,https://api.theminos.ai/verification/round/2026-08-12T20%3A31%3A00%2B00%3A00,https://api.theminos.ai/scoring/rounds/2026-08-12T20%3A31%3A00%2B00%3A00/leaderboard,200,200
2026-08-12T19:19:00+00:00,https://api.theminos.ai/verification/round/2026-08-12T19%3A19%3A00%2B00%3A00,https://api.theminos.ai/scoring/rounds/2026-08-12T19%3A19%3A00%2B00%3A00/leaderboard,200,200
2026-08-12T18:07:00+00:00,https://api.theminos.ai/verification/round/2026-08-12T18%3A07%3A00%2B00%3A00,https://api.theminos.ai/scoring/rounds/2026-08-12T18%3A07%3A00%2B00%3A00/leaderboard,200,200
2026-08-12T16:55:00+00:00,https://api.theminos.ai/verification/round/2026-08-12T16%3A55%3A00%2B00%3A00,https://api.theminos.ai/scoring/rounds/2026-08-12T16%3A55%3A00%2B00%3A00/leaderboard,200,200
2026-08-12T15:43:00+00:00,https://api.theminos.ai/verification/round/2026-08-12T15%3A43%3A00%2B00%3A00,https://api.theminos.ai/scoring/rounds/2026-08-12T15%3A43%3A00%2B00%3A00/leaderboard,200,200
2026-08-12T14:31:00+00:00,https://api.theminos.ai/verification/round/2026-08-12T14%3A31%3A00%2B00%3A00,https://api.theminos.ai/scoring/rounds/2026-08-12T14%3A31%3A00%2B00%3A00/leaderboard,200,200
2026-08-12T13:19:00+00:00,https://api.theminos.ai/verification/round/2026-08-12T13%3A19%3A00%2B00%3A00,https://api.theminos.ai/scoring/rounds/2026-08-12T13%3A19%3A00%2B00%3A00/leaderboard,200,200
2026-08-12T12:07:00+00:00,https://api.theminos.ai/verification/round/2026-08-12T12%3A07%3A00%2B00%3A00,https://api.theminos.ai/scoring/rounds/2026-08-12T12%3A07%3A00%2B00%3A00/leaderboard,200,200
2026-08-12T10:55:00+00:00,https://api.theminos.ai/verification/round/2026-08-12T10%3A55%3A00%2B00%3A00,https://api.theminos.ai/scoring/rounds/2026-08-12T10%3A55%3A00%2B00%3A00/leaderboard,200,200
2026-08-12T09:43:00+00:00,https://api.theminos.ai/verification/round/2026-08-12T09%3A43%3A00%2B00%3A00,https://api.theminos.ai/scoring/rounds/2026-08-12T09%3A43%3A00%2B00%3A00/leaderboard,200,200
2026-08-12T08:31:00+00:00,https://api.theminos.ai/verification/round/2026-08-12T08%3A31%3A00%2B00%3A00,https://api.theminos.ai/scoring/rounds/2026-08-12T08%3A31%3A00%2B00%3A00/leaderboard,200,200
2026-08-12T07:19:00+00:00,https://api.theminos.ai/verification/round/2026-08-12T07%3A19%3A00%2B00%3A00,https://api.theminos.ai/scoring/rounds/2026-08-12T07%3A19%3A00%2B00%3A00/leaderboard,200,200
2026-08-12T06:07:00+00:00,https://api.theminos.ai/verification/round/2026-08-12T06%3A07%3A00%2B00%3A00,https://api.theminos.ai/scoring/rounds/2026-08-12T06%3A07%3A00%2B00%3A00/leaderboard,200,200
2026-08-12T04:55:00+00:00,https://api.theminos.ai/verification/round/2026-08-12T04%3A55%3A00%2B00%3A00,https://api.theminos.ai/scoring/rounds/2026-08-12T04%3A55%3A00%2B00%3A00/leaderboard,200,200
2026-08-12T03:43:00+00:00,https://api.theminos.ai/verification/round/2026-08-12T03%3A43%3A00%2B00%3A00,https://api.theminos.ai/scoring/rounds/2026-08-12T03%3A43%3A00%2B00%3A00/leaderboard,200,200
2026-08-12T02:31:00+00:00,https://api.theminos.ai/verification/round/2026-08-12T02%3A31%3A00%2B00%3A00,https://api.theminos.ai/scoring/rounds/2026-08-12T02%3A31%3A00%2B00%3A00/leaderboard,200,200
2026-08-12T01:19:00+00:00,https://api.theminos.ai/verification/round/2026-08-12T01%3A19%3A00%2B00%3A00,https://api.theminos.ai/scoring/rounds/2026-08-12T01%3A19%3A00%2B00%3A00/leaderboard,200,200
2026-08-12T00:07:00+00:00,https://api.theminos.ai/verification/round/2026-08-12T00%3A07%3A00%2B00%3A00,https://api.theminos.ai/scoring/rounds/2026-08-12T00%3A07%3A00%2B00%3A00/leaderboard,200,200
2026-08-11T22:55:00+00:00,https://api.theminos.ai/verification/round/2026-08-11T22%3A55%3A00%2B00%3A00,https://api.theminos.ai/scoring/rounds/2026-08-11T22%3A55%3A00%2B00%3A00/leaderboard,200,200
2026-08-11T21:43:00+00:00,https://api.theminos.ai/verification/round/2026-08-11T21%3A43%3A00%2B00%3A00,https://api.theminos.ai/scoring/rounds/2026-08-11T21%3A43%3A00%2B00%3A00/leaderboard,200,200
2026-08-11T20:31:00+00:00,https://api.theminos.ai/verification/round/2026-08-11T20%3A31%3A00%2B00%3A00,https://api.theminos.ai/scoring/rounds/2026-08-11T20%3A31%3A00%2B00%3A00/leaderboard,200,200
2026-08-11T19:19:00+00:00,https://api.theminos.ai/verification/round/2026-08-11T19%3A19%3A00%2B00%3A00,https://api.theminos.ai/scoring/rounds/2026-08-11T19%3A19%3A00%2B00%3A00/leaderboard,200,200
2026-08-11T18:07:00+00:00,https://api.theminos.ai/verification/round/2026-08-11T18%3A07%3A00%2B00%3A00,https://api.theminos.ai/scoring/rounds/2026-08-11T18%3A07%3A00%2B00%3A00/leaderboard,200,200
2026-08-11T16:55:00+00:00,https://api.theminos.ai/verification/round/2026-08-11T16%3A55%3A00%2B00%3A00,https://api.theminos.ai/scoring/rounds/2026-08-11T16%3A55%3A00%2B00%3A00/leaderboard,200,200
2026-08-11T15:43:00+00:00,https://api.theminos.ai/verification/round/2026-08-11T15%3A43%3A00%2B00%3A00,https://api.theminos.ai/scoring/rounds/2026-08-11T15%3A43%3A00%2B00%3A00/leaderboard,200,200
2026-08-11T14:31:00+00:00,https://api.theminos.ai/verification/round/2026-08-11T14%3A31%3A00%2B00%3A00,https://api.theminos.ai/scoring/rounds/2026-08-11T14%3A31%3A00%2B00%3A00/leaderboard,200,200
2026-08-11T13:19:00+00:00,https://api.theminos.ai/verification/round/2026-08-11T13%3A19%3A00%2B00%3A00,https://api.theminos.ai/scoring/rounds/2026-08-11T13%3A19%3A00%2B00%3A00/leaderboard,200,200
2026-08-11T12:07:00+00:00,https://api.theminos.ai/verification/round/2026-08-11T12%3A07%3A00%2B00%3A00,https://api.theminos.ai/scoring/rounds/2026-08-11T12%3A07%3A00%2B00%3A00/leaderboard,200,200
2026-08-11T10:55:00+00:00,https://api.theminos.ai/verification/round/2026-08-11T10%3A55%3A00%2B00%3A00,https://api.theminos.ai/scoring/rounds/2026-08-11T10%3A55%3A00%2B00%3A00/leaderboard,200,200
2026-08-11T09:43:00+00:00,https://api.theminos.ai/verification/round/2026-08-11T09%3A43%3A00%2B00%3A00,https://api.theminos.ai/scoring/rounds/2026-08-11T09%3A43%3A00%2B00%3A00/leaderboard,200,200
2026-08-11T08:31:00+00:00,https://api.theminos.ai/verification/round/2026-08-11T08%3A31%3A00%2B00%3A00,https://api.theminos.ai/scoring/rounds/2026-08-11T08%3A31%3A00%2B00%3A00/leaderboard,200,200
2026-08-11T07:19:00+00:00,https://api.theminos.ai/verification/round/2026-08-11T07%3A19%3A00%2B00%3A00,https://api.theminos.ai/scoring/rounds/2026-08-11T07%3A19%3A00%2B00%3A00/leaderboard,200,200
2026-08-11T06:07:00+00:00,https://api.theminos.ai/verification/round/2026-08-11T06%3A07%3A00%2B00%3A00,https://api.theminos.ai/scoring/rounds/2026-08-11T06%3A07%3A00%2B00%3A00/leaderboard,200,200
2026-08-11T04:55:00+00:00,https://api.theminos.ai/verification/round/2026-08-11T04%3A55%3A00%2B00%3A00,https://api.theminos.ai/scoring/rounds/2026-08-11T04%3A55%3A00%2B00%3A00/leaderboard,200,200
2026-08-11T03:43:00+00:00,https://api.theminos.ai/verification/round/2026-08-11T03%3A43%3A00%2B00%3A00,https://api.theminos.ai/scoring/rounds/2026-08-11T03%3A43%3A00%2B00%3A00/leaderboard,200,200
2026-08-11T02:31:00+00:00,https://api.theminos.ai/verification/round/2026-08-11T02%3A31%3A00%2B00%3A00,https://api.theminos.ai/scoring/rounds/2026-08-11T02%3A31%3A00%2B00%3A00/leaderboard,200,200
2026-08-11T01:19:00+00:00,https://api.theminos.ai/verification/round/2026-08-11T01%3A19%3A00%2B00%3A00,https://api.theminos.ai/scoring/rounds/2026-08-11T01%3A19%3A00%2B00%3A00/leaderboard,200,200
2026-08-11T00:07:00+00:00,https://api.theminos.ai/verification/round/2026-08-11T00%3A07%3A00%2B00%3A00,https://api.theminos.ai/scoring/rounds/2026-08-11T00%3A07%3A00%2B00%3A00/leaderboard,200,200
2026-08-10T22:55:00+00:00,https://api.theminos.ai/verification/round/2026-08-10T22%3A55%3A00%2B00%3A00,https://api.theminos.ai/scoring/rounds/2026-08-10T22%3A55%3A00%2B00%3A00/leaderboard,200,200
2026-08-10T21:43:00+00:00,https://api.theminos.ai/verification/round/2026-08-10T21%3A43%3A00%2B00%3A00,https://api.theminos.ai/scoring/rounds/2026-08-10T21%3A43%3A00%2B00%3A00/leaderboard,200,200
2026-08-10T20:31:00+00:00,https://api.theminos.ai/verification/round/2026-08-10T20%3A31%3A00%2B00%3A00,https://api.theminos.ai/scoring/rounds/2026-08-10T20%3A31%3A00%2B00%3A00/leaderboard,200,200
2026-08-10T19:19:00+00:00,https://api.theminos.ai/verification/round/2026-08-10T19%3A19%3A00%2B00%3A00,https://api.theminos.ai/scoring/rounds/2026-08-10T19%3A19%3A00%2B00%3A00/leaderboard,200,200
2026-08-10T18:07:00+00:00,https://api.theminos.ai/verification/round/2026-08-10T18%3A07%3A00%2B00%3A00,https://api.theminos.ai/scoring/rounds/2026-08-10T18%3A07%3A00%2B00%3A00/leaderboard,200,200
2026-08-10T16:55:00+00:00,https://api.theminos.ai/verification/round/2026-08-10T16%3A55%3A00%2B00%3A00,https://api.theminos.ai/scoring/rounds/2026-08-10T16%3A55%3A00%2B00%3A00/leaderboard,200,200
2026-08-10T15:43:00+00:00,https://api.theminos.ai/verification/round/2026-08-10T15%3A43%3A00%2B00%3A00,https://api.theminos.ai/scoring/rounds/2026-08-10T15%3A43%3A00%2B00%3A00/leaderboard,200,200
2026-08-10T14:31:00+00:00,https://api.theminos.ai/verification/round/2026-08-10T14%3A31%3A00%2B00%3A00,https://api.theminos.ai/scoring/rounds/2026-08-10T14%3A31%3A00%2B00%3A00/leaderboard,200,200
2026-08-10T13:19:00+00:00,https://api.theminos.ai/verification/round/2026-08-10T13%3A19%3A00%2B00%3A00,https://api.theminos.ai/scoring/rounds/2026-08-10T13%3A19%3A00%2B00%3A00/leaderboard,200,200
2026-08-10T12:07:00+00:00,https://api.theminos.ai/verification/round/2026-08-10T12%3A07%3A00%2B00%3A00,https://api.theminos.ai/scoring/rounds/2026-08-10T12%3A07%3A00%2B00%3A00/leaderboard,200,200
2026-08-10T10:55:00+00:00,https://api.theminos.ai/verification/round/2026-08-10T10%3A55%3A00%2B00%3A00,https://api.theminos.ai/scoring/rounds/2026-08-10T10%3A55%3A00%2B00%3A00/leaderboard,200,200
2026-08-10T09:43:00+00:00,https://api.theminos.ai/verification/round/2026-08-10T09%3A43%3A00%2B00%3A00,https://api.theminos.ai/scoring/rounds/2026-08-10T09%3A43%3A00%2B00%3A00/leaderboard,200,200
2026-08-10T08:31:00+00:00,https://api.theminos.ai/verification/round/2026-08-10T08%3A31%3A00%2B00%3A00,https://api.theminos.ai/scoring/rounds/2026-08-10T08%3A31%3A00%2B00%3A00/leaderboard,200,200
2026-08-10T07:19:00+00:00,https://api.theminos.ai/verification/round/2026-08-10T07%3A19%3A00%2B00%3A00,https://api.theminos.ai/scoring/rounds/2026-08-10T07%3A19%3A00%2B00%3A00/leaderboard,200,200
2026-08-10T06:07:00+00:00,https://api.theminos.ai/verification/round/2026-08-10T06%3A07%3A00%2B00%3A00,https://api.theminos.ai/scoring/rounds/2026-08-10T06%3A07%3A00%2B00%3A00/leaderboard,200,200
2026-08-10T04:55:00+00:00,https://api.theminos.ai/verification/round/2026-08-10T04%3A55%3A00%2B00%3A00,https://api.theminos.ai/scoring/rounds/2026-08-10T04%3A55%3A00%2B00%3A00/leaderboard,200,200
2026-08-10T03:43:00+00:00,https://api.theminos.ai/verification/round/2026-08-10T03%3A43%3A00%2B00%3A00,https://api.theminos.ai/scoring/rounds/2026-08-10T03%3A43%3A00%2B00%3A00/leaderboard,200,200
2026-08-10T02:31:00+00:00,https://api.theminos.ai/verification/round/2026-08-10T02%3A31%3A00%2B00%3A00,https://api.theminos.ai/scoring/rounds/2026-08-10T02%3A31%3A00%2B00%3A00/leaderboard,200,200
2026-08-10T01:19:00+00:00,https://api.theminos.ai/verification/round/2026-08-10T01%3A19%3A00%2B00%3A00,https://api.theminos.ai/scoring/rounds/2026-08-10T01%3A19%3A00%2B00%3A00/leaderboard,200,200
2026-08-10T00:07:00+00:00,https://api.theminos.ai/verification/round/2026-08-10T00%3A07%3A00%2B00%3A00,https://api.theminos.ai/scoring/rounds/2026-08-10T00%3A07%3A00%2B00%3A00/leaderboard,200,200
2026-08-09T22:55:00+00:00,https://api.theminos.ai/verification/round/2026-08-09T22%3A55%3A00%2B00%3A00,https://api.theminos.ai/scoring/rounds/2026-08-09T22%3A55%3A00%2B00%3A00/leaderboard,200,200
2026-08-09T21:43:00+00:00,https://api.theminos.ai/verification/round/2026-08-09T21%3A43%3A00%2B00%3A00,https://api.theminos.ai/scoring/rounds/2026-08-09T21%3A43%3A00%2B00%3A00/leaderboard,200,200
2026-08-09T20:31:00+00:00,https://api.theminos.ai/verification/round/2026-08-09T20%3A31%3A00%2B00%3A00,https://api.theminos.ai/scoring/rounds/2026-08-09T20%3A31%3A00%2B00%3A00/leaderboard,200,200
2026-08-09T19:19:00+00:00,https://api.theminos.ai/verification/round/2026-08-09T19%3A19%3A00%2B00%3A00,https://api.theminos.ai/scoring/rounds/2026-08-09T19%3A19%3A00%2B00%3A00/leaderboard,200,200
2026-08-09T18:07:00+00:00,https://api.theminos.ai/verification/round/2026-08-09T18%3A07%3A00%2B00%3A00,https://api.theminos.ai/scoring/rounds/2026-08-09T18%3A07%3A00%2B00%3A00/leaderboard,200,200
2026-08-09T16:55:00+00:00,https://api.theminos.ai/verification/round/2026-08-09T16%3A55%3A00%2B00%3A00,https://api.theminos.ai/scoring/rounds/2026-08-09T16%3A55%3A00%2B00%3A00/leaderboard,200,200
2026-08-09T15:43:00+00:00,https://api.theminos.ai/verification/round/2026-08-09T15%3A43%3A00%2B00%3A00,https://api.theminos.ai/scoring/rounds/2026-08-09T15%3A43%3A00%2B00%3A00/leaderboard,200,200
2026-08-09T14:31:00+00:00,https://api.theminos.ai/verification/round/2026-08-09T14%3A31%3A00%2B00%3A00,https://api.theminos.ai/scoring/rounds/2026-08-09T14%3A31%3A00%2B00%3A00/leaderboard,200,200
2026-08-09T13:19:00+00:00,https://api.theminos.ai/verification/round/2026-08-09T13%3A19%3A00%2B00%3A00,https://api.theminos.ai/scoring/rounds/2026-08-09T13%3A19%3A00%2B00%3A00/leaderboard,200,200
2026-08-09T12:07:00+00:00,https://api.theminos.ai/verification/round/2026-08-09T12%3A07%3A00%2B00%3A00,https://api.theminos.ai/scoring/rounds/2026-08-09T12%3A07%3A00%2B00%3A00/leaderboard,200,200
2026-08-09T10:55:00+00:00,https://api.theminos.ai/verification/round/2026-08-09T10%3A55%3A00%2B00%3A00,https://api.theminos.ai/scoring/rounds/2026-08-09T10%3A55%3A00%2B00%3A00/leaderboard,200,200
2026-08-09T09:43:00+00:00,https://api.theminos.ai/verification/round/2026-08-09T09%3A43%3A00%2B00%3A00,https://api.theminos.ai/scoring/rounds/2026-08-09T09%3A43%3A00%2B00%3A00/leaderboard,200,200
2026-08-09T08:31:00+00:00,https://api.theminos.ai/verification/round/2026-08-09T08%3A31%3A00%2B00%3A00,https://api.theminos.ai/scoring/rounds/2026-08-09T08%3A31%3A00%2B00%3A00/leaderboard,200,200
2026-08-09T07:19:00+00:00,https://api.theminos.ai/verification/round/2026-08-09T07%3A19%3A00%2B00%3A00,https://api.theminos.ai/scoring/rounds/2026-08-09T07%3A19%3A00%2B00%3A00/leaderboard,200,200
2026-08-09T06:07:00+00:00,https://api.theminos.ai/verification/round/2026-08-09T06%3A07%3A00%2B00%3A00,https://api.theminos.ai/scoring/rounds/2026-08-09T06%3A07%3A00%2B00%3A00/leaderboard,200,200
2026-08-09T04:55:00+00:00,https://api.theminos.ai/verification/round/2026-08-09T04%3A55%3A00%2B00%3A00,https://api.theminos.ai/scoring/rounds/2026-08-09T04%3A55%3A00%2B00%3A00/leaderboard,200,200
2026-08-09T03:43:00+00:00,https://api.theminos.ai/verification/round/2026-08-09T03%3A43%3A00%2B00%3A00,https://api.theminos.ai/scoring/rounds/2026-08-09T03%3A43%3A00%2B00%3A00/leaderboard,200,200
2026-08-09T02:31:00+00:00,https://api.theminos.ai/verification/round/2026-08-09T02%3A31%3A00%2B00%3A00,https://api.theminos.ai/scoring/rounds/2026-08-09T02%3A31%3A00%2B00%3A00/leaderboard,200,200
2026-08-09T01:19:00+00:00,https://api.theminos.ai/verification/round/2026-08-09T01%3A19%3A00%2B00%3A00,https://api.theminos.ai/scoring/rounds/2026-08-09T01%3A19%3A00%2B00%3A00/leaderboard,200,200
2026-08-09T00:07:00+00:00,https://api.theminos.ai/verification/round/2026-08-09T00%3A07%3A00%2B00%3A00,https://api.theminos.ai/scoring/rounds/2026-08-09T00%3A07%3A00%2B00%3A00/leaderboard,200,200
2026-08-08T22:55:00+00:00,https://api.theminos.ai/verification/round/2026-08-08T22%3A55%3A00%2B00%3A00,https://api.theminos.ai/scoring/rounds/2026-08-08T22%3A55%3A00%2B00%3A00/leaderboard,200,200
2026-08-08T21:43:00+00:00,https://api.theminos.ai/verification/round/2026-08-08T21%3A43%3A00%2B00%3A00,https://api.theminos.ai/scoring/rounds/2026-08-08T21%3A43%3A00%2B00%3A00/leaderboard,200,200
2026-08-08T20:31:00+00:00,https://api.theminos.ai/verification/round/2026-08-08T20%3A31%3A00%2B00%3A00,https://api.theminos.ai/scoring/rounds/2026-08-08T20%3A31%3A00%2B00%3A00/leaderboard,200,200
2026-08-08T19:19:00+00:00,https://api.theminos.ai/verification/round/2026-08-08T19%3A19%3A00%2B00%3A00,https://api.theminos.ai/scoring/rounds/2026-08-08T19%3A19%3A00%2B00%3A00/leaderboard,200,200
2026-08-08T18:07:00+00:00,https://api.theminos.ai/verification/round/2026-08-08T18%3A07%3A00%2B00%3A00,https://api.theminos.ai/scoring/rounds/2026-08-08T18%3A07%3A00%2B00%3A00/leaderboard,200,200
2026-08-08T16:55:00+00:00,https://api.theminos.ai/verification/round/2026-08-08T16%3A55%3A00%2B00%3A00,https://api.theminos.ai/scoring/rounds/2026-08-08T16%3A55%3A00%2B00%3A00/leaderboard,200,200
2026-08-08T15:43:00+00:00,https://api.theminos.ai/verification/round/2026-08-08T15%3A43%3A00%2B00%3A00,https://api.theminos.ai/scoring/rounds/2026-08-08T15%3A43%3A00%2B00%3A00/leaderboard,200,200
2026-08-08T14:31:00+00:00,https://api.theminos.ai/verification/round/2026-08-08T14%3A31%3A00%2B00%3A00,https://api.theminos.ai/scoring/rounds/2026-08-08T14%3A31%3A00%2B00%3A00/leaderboard,200,200
2026-08-08T13:19:00+00:00,https://api.theminos.ai/verification/round/2026-08-08T13%3A19%3A00%2B00%3A00,https://api.theminos.ai/scoring/rounds/2026-08-08T13%3A19%3A00%2B00%3A00/leaderboard,200,200
2026-08-08T12:07:00+00:00,https://api.theminos.ai/verification/round/2026-08-08T12%3A07%3A00%2B00%3A00,https://api.theminos.ai/scoring/rounds/2026-08-08T12%3A07%3A00%2B00%3A00/leaderboard,200,200
2026-08-08T10:55:00+00:00,https://api.theminos.ai/verification/round/2026-08-08T10%3A55%3A00%2B00%3A00,https://api.theminos.ai/scoring/rounds/2026-08-08T10%3A55%3A00%2B00%3A00/leaderboard,200,200
2026-08-08T09:43:00+00:00,https://api.theminos.ai/verification/round/2026-08-08T09%3A43%3A00%2B00%3A00,https://api.theminos.ai/scoring/rounds/2026-08-08T09%3A43%3A00%2B00%3A00/leaderboard,200,200
2026-08-08T08:31:00+00:00,https://api.theminos.ai/verification/round/2026-08-08T08%3A31%3A00%2B00%3A00,https://api.theminos.ai/scoring/rounds/2026-08-08T08%3A31%3A00%2B00%3A00/leaderboard,200,200
2026-08-08T07:19:00+00:00,https://api.theminos.ai/verification/round/2026-08-08T07%3A19%3A00%2B00%3A00,https://api.theminos.ai/scoring/rounds/2026-08-08T07%3A19%3A00%2B00%3A00/leaderboard,200,200
2026-08-08T06:07:00+00:00,https://api.theminos.ai/verification/round/2026-08-08T06%3A07%3A00%2B00%3A00,https://api.theminos.ai/scoring/rounds/2026-08-08T06%3A07%3A00%2B00%3A00/leaderboard,200,200
2026-08-08T04:55:00+00:00,https://api.theminos.ai/verification/round/2026-08-08T04%3A55%3A00%2B00%3A00,https://api.theminos.ai/scoring/rounds/2026-08-08T04%3A55%3A00%2B00%3A00/leaderboard,200,200
2026-08-08T03:43:00+00:00,https://api.theminos.ai/verification/round/2026-08-08T03%3A43%3A00%2B00%3A00,https://api.theminos.ai/scoring/rounds/2026-08-08T03%3A43%3A00%2B00%3A00/leaderboard,200,200
2026-08-08T02:31:00+00:00,https://api.theminos.ai/verification/round/2026-08-08T02%3A31%3A00%2B00%3A00,https://api.theminos.ai/scoring/rounds/2026-08-08T02%3A31%3A00%2B00%3A00/leaderboard,200,200
2026-08-08T01:19:00+00:00,https://api.theminos.ai/verification/round/2026-08-08T01%3A19%3A00%2B00%3A00,https://api.theminos.ai/scoring/rounds/2026-08-08T01%3A19%3A00%2B00%3A00/leaderboard,200,200
2026-08-08T00:07:00+00:00,https://api.theminos.ai/verification/round/2026-08-08T00%3A07%3A00%2B00%3A00,https://api.theminos.ai/scoring/rounds/2026-08-08T00%3A07%3A00%2B00%3A00/leaderboard,200,200
2026-08-07T22:55:00+00:00,https://api.theminos.ai/verification/round/2026-08-07T22%3A55%3A00%2B00%3A00,https://api.theminos.ai/scoring/rounds/2026-08-07T22%3A55%3A00%2B00%3A00/leaderboard,200,200
2026-08-07T21:43:00+00:00,https://api.theminos.ai/verification/round/2026-08-07T21%3A43%3A00%2B00%3A00,https://api.theminos.ai/scoring/rounds/2026-08-07T21%3A43%3A00%2B00%3A00/leaderboard,200,200
2026-08-07T20:31:00+00:00,https://api.theminos.ai/verification/round/2026-08-07T20%3A31%3A00%2B00%3A00,https://api.theminos.ai/scoring/rounds/2026-08-07T20%3A31%3A00%2B00%3A00/leaderboard,200,200
2026-08-07T19:19:00+00:00,https://api.theminos.ai/verification/round/2026-08-07T19%3A19%3A00%2B00%3A00,https://api.theminos.ai/scoring/rounds/2026-08-07T19%3A19%3A00%2B00%3A00/leaderboard,200,200
2026-08-07T18:07:00+00:00,https://api.theminos.ai/verification/round/2026-08-07T18%3A07%3A00%2B00%3A00,https://api.theminos.ai/scoring/rounds/2026-08-07T18%3A07%3A00%2B00%3A00/leaderboard,200,200
2026-08-07T16:55:00+00:00,https://api.theminos.ai/verification/round/2026-08-07T16%3A55%3A00%2B00%3A00,https://api.theminos.ai/scoring/rounds/2026-08-07T16%3A55%3A00%2B00%3A00/leaderboard,200,200
2026-08-07T15:43:00+00:00,https://api.theminos.ai/verification/round/2026-08-07T15%3A43%3A00%2B00%3A00,https://api.theminos.ai/scoring/rounds/2026-08-07T15%3A43%3A00%2B00%3A00/leaderboard,200,200
2026-08-07T14:31:00+00:00,https://api.theminos.ai/verification/round/2026-08-07T14%3A31%3A00%2B00%3A00,https://api.theminos.ai/scoring/rounds/2026-08-07T14%3A31%3A00%2B00%3A00/leaderboard,200,200
2026-08-07T13:19:00+00:00,https://api.theminos.ai/verification/round/2026-08-07T13%3A19%3A00%2B00%3A00,https://api.theminos.ai/scoring/rounds/2026-08-07T13%3A19%3A00%2B00%3A00/leaderboard,200,200
2026-08-07T12:07:00+00:00,https://api.theminos.ai/verification/round/2026-08-07T12%3A07%3A00%2B00%3A00,https://api.theminos.ai/scoring/rounds/2026-08-07T12%3A07%3A00%2B00%3A00/leaderboard,200,200
2026-08-07T10:55:00+00:00,https://api.theminos.ai/verification/round/2026-08-07T10%3A55%3A00%2B00%3A00,https://api.theminos.ai/scoring/rounds/2026-08-07T10%3A55%3A00%2B00%3A00/leaderboard,200,200
2026-08-07T09:43:00+00:00,https://api.theminos.ai/verification/round/2026-08-07T09%3A43%3A00%2B00%3A00,https://api.theminos.ai/scoring/rounds/2026-08-07T09%3A43%3A00%2B00%3A00/leaderboard,200,200
2026-08-07T08:31:00+00:00,https://api.theminos.ai/verification/round/2026-08-07T08%3A31%3A00%2B00%3A00,https://api.theminos.ai/scoring/rounds/2026-08-07T08%3A31%3A00%2B00%3A00/leaderboard,200,200
2026-08-07T07:19:00+00:00,https://api.theminos.ai/verification/round/2026-08-07T07%3A19%3A00%2B00%3A00,https://api.theminos.ai/scoring/rounds/2026-08-07T07%3A19%3A00%2B00%3A00/leaderboard,200,200
2026-08-07T06:07:00+00:00,https://api.theminos.ai/verification/round/2026-08-07T06%3A07%3A00%2B00%3A00,https://api.theminos.ai/scoring/rounds/2026-08-07T06%3A07%3A00%2B00%3A00/leaderboard,200,200
2026-08-07T04:55:00+00:00,https://api.theminos.ai/verification/round/2026-08-07T04%3A55%3A00%2B00%3A00,https://api.theminos.ai/scoring/rounds/2026-08-07T04%3A55%3A00%2B00%3A00/leaderboard,200,200
2026-08-07T03:43:00+00:00,https://api.theminos.ai/verification/round/2026-08-07T03%3A43%3A00%2B00%3A00,https://api.theminos.ai/scoring/rounds/2026-08-07T03%3A43%3A00%2B00%3A00/leaderboard,200,200
2026-08-07T02:31:00+00:00,https://api.theminos.ai/verification/round/2026-08-07T02%3A31%3A00%2B00%3A00,https://api.theminos.ai/scoring/rounds/2026-08-07T02%3A31%3A00%2B00%3A00/leaderboard,200,200
2026-08-07T01:19:00+00:00,https://api.theminos.ai/verification/round/2026-08-07T01%3A19%3A00%2B00%3A00,https://api.theminos.ai/scoring/rounds/2026-08-07T01%3A19%3A00%2B00%3A00/leaderboard,200,200
2026-08-07T00:07:00+00:00,https://api.theminos.ai/verification/round/2026-08-07T00%3A07%3A00%2B00%3A00,https://api.theminos.ai/scoring/rounds/2026-08-07T00%3A07%3A00%2B00%3A00/leaderboard,200,200
2026-08-06T22:55:00+00:00,https://api.theminos.ai/verification/round/2026-08-06T22%3A55%3A00%2B00%3A00,https://api.theminos.ai/scoring/rounds/2026-08-06T22%3A55%3A00%2B00%3A00/leaderboard,200,200
2026-08-06T21:43:00+00:00,https://api.theminos.ai/verification/round/2026-08-06T21%3A43%3A00%2B00%3A00,https://api.theminos.ai/scoring/rounds/2026-08-06T21%3A43%3A00%2B00%3A00/leaderboard,200,200
2026-08-06T20:31:00+00:00,https://api.theminos.ai/verification/round/2026-08-06T20%3A31%3A00%2B00%3A00,https://api.theminos.ai/scoring/rounds/2026-08-06T20%3A31%3A00%2B00%3A00/leaderboard,200,200
2026-08-06T19:19:00+00:00,https://api.theminos.ai/verification/round/2026-08-06T19%3A19%3A00%2B00%3A00,https://api.theminos.ai/scoring/rounds/2026-08-06T19%3A19%3A00%2B00%3A00/leaderboard,200,200
2026-08-06T18:07:00+00:00,https://api.theminos.ai/verification/round/2026-08-06T18%3A07%3A00%2B00%3A00,https://api.theminos.ai/scoring/rounds/2026-08-06T18%3A07%3A00%2B00%3A00/leaderboard,200,200
2026-08-06T16:55:00+00:00,https://api.theminos.ai/verification/round/2026-08-06T16%3A55%3A00%2B00%3A00,https://api.theminos.ai/scoring/rounds/2026-08-06T16%3A55%3A00%2B00%3A00/leaderboard,200,200
2026-08-06T15:43:00+00:00,https://api.theminos.ai/verification/round/2026-08-06T15%3A43%3A00%2B00%3A00,https://api.theminos.ai/scoring/rounds/2026-08-06T15%3A43%3A00%2B00%3A00/leaderboard,200,200
2026-08-06T14:31:00+00:00,https://api.theminos.ai/verification/round/2026-08-06T14%3A31%3A00%2B00%3A00,https://api.theminos.ai/scoring/rounds/2026-08-06T14%3A31%3A00%2B00%3A00/leaderboard,200,200
2026-08-06T13:19:00+00:00,https://api.theminos.ai/verification/round/2026-08-06T13%3A19%3A00%2B00%3A00,https://api.theminos.ai/scoring/rounds/2026-08-06T13%3A19%3A00%2B00%3A00/leaderboard,200,200
2026-08-06T12:07:00+00:00,https://api.theminos.ai/verification/round/2026-08-06T12%3A07%3A00%2B00%3A00,https://api.theminos.ai/scoring/rounds/2026-08-06T12%3A07%3A00%2B00%3A00/leaderboard,200,200
2026-08-06T10:55:00+00:00,https://api.theminos.ai/verification/round/2026-08-06T10%3A55%3A00%2B00%3A00,https://api.theminos.ai/scoring/rounds/2026-08-06T10%3A55%3A00%2B00%3A00/leaderboard,200,200
2026-08-06T09:43:00+00:00,https://api.theminos.ai/verification/round/2026-08-06T09%3A43%3A00%2B00%3A00,https://api.theminos.ai/scoring/rounds/2026-08-06T09%3A43%3A00%2B00%3A00/leaderboard,200,200
2026-08-06T08:31:00+00:00,https://api.theminos.ai/verification/round/2026-08-06T08%3A31%3A00%2B00%3A00,https://api.theminos.ai/scoring/rounds/2026-08-06T08%3A31%3A00%2B00%3A00/leaderboard,200,200
2026-08-06T07:19:00+00:00,https://api.theminos.ai/verification/round/2026-08-06T07%3A19%3A00%2B00%3A00,https://api.theminos.ai/scoring/rounds/2026-08-06T07%3A19%3A00%2B00%3A00/leaderboard,200,200
2026-08-06T06:07:00+00:00,https://api.theminos.ai/verification/round/2026-08-06T06%3A07%3A00%2B00%3A00,https://api.theminos.ai/scoring/rounds/2026-08-06T06%3A07%3A00%2B00%3A00/leaderboard,200,200
2026-08-06T04:55:00+00:00,https://api.theminos.ai/verification/round/2026-08-06T04%3A55%3A00%2B00%3A00,https://api.theminos.ai/scoring/rounds/2026-08-06T04%3A55%3A00%2B00%3A00/leaderboard,200,200
2026-08-06T03:43:00+00:00,https://api.theminos.ai/verification/round/2026-08-06T03%3A43%3A00%2B00%3A00,https://api.theminos.ai/scoring/rounds/2026-08-06T03%3A43%3A00%2B00%3A00/leaderboard,200,200
2026-08-06T02:31:00+00:00,https://api.theminos.ai/verification/round/2026-08-06T02%3A31%3A00%2B00%3A00,https://api.theminos.ai/scoring/rounds/2026-08-06T02%3A31%3A00%2B00%3A00/leaderboard,200,200
2026-08-06T01:19:00+00:00,https://api.theminos.ai/verification/round/2026-08-06T01%3A19%3A00%2B00%3A00,https://api.theminos.ai/scoring/rounds/2026-08-06T01%3A19%3A00%2B00%3A00/leaderboard,200,200
2026-08-06T00:07:00+00:00,https://api.theminos.ai/verification/round/2026-08-06T00%3A07%3A00%2B00%3A00,https://api.theminos.ai/scoring/rounds/2026-08-06T00%3A07%3A00%2B00%3A00/leaderboard,200,200
2026-08-05T22:55:00+00:00,https://api.theminos.ai/verification/round/2026-08-05T22%3A55%3A00%2B00%3A00,https://api.theminos.ai/scoring/rounds/2026-08-05T22%3A55%3A00%2B00%3A00/leaderboard,200,200
2026-08-05T21:43:00+00:00,https://api.theminos.ai/verification/round/2026-08-05T21%3A43%3A00%2B00%3A00,https://api.theminos.ai/scoring/rounds/2026-08-05T21%3A43%3A00%2B00%3A00/leaderboard,200,200
2026-08-05T20:31:00+00:00,https://api.theminos.ai/verification/round/2026-08-05T20%3A31%3A00%2B00%3A00,https://api.theminos.ai/scoring/rounds/2026-08-05T20%3A31%3A00%2B00%3A00/leaderboard,200,200
2026-08-05T19:19:00+00:00,https://api.theminos.ai/verification/round/2026-08-05T19%3A19%3A00%2B00%3A00,https://api.theminos.ai/scoring/rounds/2026-08-05T19%3A19%3A00%2B00%3A00/leaderboard,200,200
2026-08-05T18:07:00+00:00,https://api.theminos.ai/verification/round/2026-08-05T18%3A07%3A00%2B00%3A00,https://api.theminos.ai/scoring/rounds/2026-08-05T18%3A07%3A00%2B00%3A00/leaderboard,200,200
2026-08-05T16:55:00+00:00,https://api.theminos.ai/verification/round/2026-08-05T16%3A55%3A00%2B00%3A00,https://api.theminos.ai/scoring/rounds/2026-08-05T16%3A55%3A00%2B00%3A00/leaderboard,200,200
2026-08-05T15:43:00+00:00,https://api.theminos.ai/verification/round/2026-08-05T15%3A43%3A00%2B00%3A00,https://api.theminos.ai/scoring/rounds/2026-08-05T15%3A43%3A00%2B00%3A00/leaderboard,200,200
2026-08-05T14:31:00+00:00,https://api.theminos.ai/verification/round/2026-08-05T14%3A31%3A00%2B00%3A00,https://api.theminos.ai/scoring/rounds/2026-08-05T14%3A31%3A00%2B00%3A00/leaderboard,200,200
2026-08-05T13:19:00+00:00,https://api.theminos.ai/verification/round/2026-08-05T13%3A19%3A00%2B00%3A00,https://api.theminos.ai/scoring/rounds/2026-08-05T13%3A19%3A00%2B00%3A00/leaderboard,200,200
2026-08-05T12:07:00+00:00,https://api.theminos.ai/verification/round/2026-08-05T12%3A07%3A00%2B00%3A00,https://api.theminos.ai/scoring/rounds/2026-08-05T12%3A07%3A00%2B00%3A00/leaderboard,200,200
2026-08-05T10:55:00+00:00,https://api.theminos.ai/verification/round/2026-08-05T10%3A55%3A00%2B00%3A00,https://api.theminos.ai/scoring/rounds/2026-08-05T10%3A55%3A00%2B00%3A00/leaderboard,200,200
2026-08-05T09:43:00+00:00,https://api.theminos.ai/verification/round/2026-08-05T09%3A43%3A00%2B00%3A00,https://api.theminos.ai/scoring/rounds/2026-08-05T09%3A43%3A00%2B00%3A00/leaderboard,200,200
2026-08-05T08:31:00+00:00,https://api.theminos.ai/verification/round/2026-08-05T08%3A31%3A00%2B00%3A00,https://api.theminos.ai/scoring/rounds/2026-08-05T08%3A31%3A00%2B00%3A00/leaderboard,200,200
2026-08-05T07:19:00+00:00,https://api.theminos.ai/verification/round/2026-08-05T07%3A19%3A00%2B00%3A00,https://api.theminos.ai/scoring/rounds/2026-08-05T07%3A19%3A00%2B00%3A00/leaderboard,200,200
2026-08-05T06:07:00+00:00,https://api.theminos.ai/verification/round/2026-08-05T06%3A07%3A00%2B00%3A00,https://api.theminos.ai/scoring/rounds/2026-08-05T06%3A07%3A00%2B00%3A00/leaderboard,200,200
2026-08-05T04:55:00+00:00,https://api.theminos.ai/verification/round/2026-08-05T04%3A55%3A00%2B00%3A00,https://api.theminos.ai/scoring/rounds/2026-08-05T04%3A55%3A00%2B00%3A00/leaderboard,200,200
2026-08-05T03:43:00+00:00,https://api.theminos.ai/verification/round/2026-08-05T03%3A43%3A00%2B00%3A00,https://api.theminos.ai/scoring/rounds/2026-08-05T03%3A43%3A00%2B00%3A00/leaderboard,200,200
2026-08-05T02:31:00+00:00,https://api.theminos.ai/verification/round/2026-08-05T02%3A31%3A00%2B00%3A00,https://api.theminos.ai/scoring/rounds/2026-08-05T02%3A31%3A00%2B00%3A00/leaderboard,200,200
2026-08-05T01:19:00+00:00,https://api.theminos.ai/verification/round/2026-08-05T01%3A19%3A00%2B00%3A00,https://api.theminos.ai/scoring/rounds/2026-08-05T01%3A19%3A00%2B00%3A00/leaderboard,200,200
2026-08-05T00:07:00+00:00,https://api.theminos.ai/verification/round/2026-08-05T00%3A07%3A00%2B00%3A00,https://api.theminos.ai/scoring/rounds/2026-08-05T00%3A07%3A00%2B00%3A00/leaderboard,200,200
2026-08-04T22:55:00+00:00,https://api.theminos.ai/verification/round/2026-08-04T22%3A55%3A00%2B00%3A00,https://api.theminos.ai/scoring/rounds/2026-08-04T22%3A55%3A00%2B00%3A00/leaderboard,200,200
2026-08-04T21:43:00+00:00,https://api.theminos.ai/verification/round/2026-08-04T21%3A43%3A00%2B00%3A00,https://api.theminos.ai/scoring/rounds/2026-08-04T21%3A43%3A00%2B00%3A00/leaderboard,200,200
2026-08-04T20:31:00+00:00,https://api.theminos.ai/verification/round/2026-08-04T20%3A31%3A00%2B00%3A00,https://api.theminos.ai/scoring/rounds/2026-08-04T20%3A31%3A00%2B00%3A00/leaderboard,200,200
2026-08-04T19:19:00+00:00,https://api.theminos.ai/verification/round/2026-08-04T19%3A19%3A00%2B00%3A00,https://api.theminos.ai/scoring/rounds/2026-08-04T19%3A19%3A00%2B00%3A00/leaderboard,200,200
2026-08-04T18:07:00+00:00,https://api.theminos.ai/verification/round/2026-08-04T18%3A07%3A00%2B00%3A00,https://api.theminos.ai/scoring/rounds/2026-08-04T18%3A07%3A00%2B00%3A00/leaderboard,200,200
2026-08-04T16:55:00+00:00,https://api.theminos.ai/verification/round/2026-08-04T16%3A55%3A00%2B00%3A00,https://api.theminos.ai/scoring/rounds/2026-08-04T16%3A55%3A00%2B00%3A00/leaderboard,200,200
2026-08-04T15:43:00+00:00,https://api.theminos.ai/verification/round/2026-08-04T15%3A43%3A00%2B00%3A00,https://api.theminos.ai/scoring/rounds/2026-08-04T15%3A43%3A00%2B00%3A00/leaderboard,200,200
2026-08-04T14:31:00+00:00,https://api.theminos.ai/verification/round/2026-08-04T14%3A31%3A00%2B00%3A00,https://api.theminos.ai/scoring/rounds/2026-08-04T14%3A31%3A00%2B00%3A00/leaderboard,200,200
2026-08-04T13:19:00+00:00,https://api.theminos.ai/verification/round/2026-08-04T13%3A19%3A00%2B00%3A00,https://api.theminos.ai/scoring/rounds/2026-08-04T13%3A19%3A00%2B00%3A00/leaderboard,200,200
2026-08-04T12:07:00+00:00,https://api.theminos.ai/verification/round/2026-08-04T12%3A07%3A00%2B00%3A00,https://api.theminos.ai/scoring/rounds/2026-08-04T12%3A07%3A00%2B00%3A00/leaderboard,200,200
2026-08-04T10:55:00+00:00,https://api.theminos.ai/verification/round/2026-08-04T10%3A55%3A00%2B00%3A00,https://api.theminos.ai/scoring/rounds/2026-08-04T10%3A55%3A00%2B00%3A00/leaderboard,200,200
2026-08-04T09:43:00+00:00,https://api.theminos.ai/verification/round/2026-08-04T09%3A43%3A00%2B00%3A00,https://api.theminos.ai/scoring/rounds/2026-08-04T09%3A43%3A00%2B00%3A00/leaderboard,200,200
2026-08-04T08:31:00+00:00,https://api.theminos.ai/verification/round/2026-08-04T08%3A31%3A00%2B00%3A00,https://api.theminos.ai/scoring/rounds/2026-08-04T08%3A31%3A00%2B00%3A00/leaderboard,200,200
2026-08-04T07:19:00+00:00,https://api.theminos.ai/verification/round/2026-08-04T07%3A19%3A00%2B00%3A00,https://api.theminos.ai/scoring/rounds/2026-08-04T07%3A19%3A00%2B00%3A00/leaderboard,200,200
2026-08-04T06:07:00+00:00,https://api.theminos.ai/verification/round/2026-08-04T06%3A07%3A00%2B00%3A00,https://api.theminos.ai/scoring/rounds/2026-08-04T06%3A07%3A00%2B00%3A00/leaderboard,200,200
2026-08-04T04:55:00+00:00,https://api.theminos.ai/verification/round/2026-08-04T04%3A55%3A00%2B00%3A00,https://api.theminos.ai/scoring/rounds/2026-08-04T04%3A55%3A00%2B00%3A00/leaderboard,200,200
2026-08-04T03:43:00+00:00,https://api.theminos.ai/verification/round/2026-08-04T03%3A43%3A00%2B00%3A00,https://api.theminos.ai/scoring/rounds/2026-08-04T03%3A43%3A00%2B00%3A00/leaderboard,200,200
2026-08-04T02:31:00+00:00,https://api.theminos.ai/verification/round/2026-08-04T02%3A31%3A00%2B00%3A00,https://api.theminos.ai/scoring/rounds/2026-08-04T02%3A31%3A00%2B00%3A00/leaderboard,200,200
2026-08-04T01:19:00+00:00,https://api.theminos.ai/verification/round/2026-08-04T01%3A19%3A00%2B00%3A00,https://api.theminos.ai/scoring/rounds/2026-08-04T01%3A19%3A00%2B00%3A00/leaderboard,200,200
2026-08-04T00:07:00+00:00,https://api.theminos.ai/verification/round/2026-08-04T00%3A07%3A00%2B00%3A00,https://api.theminos.ai/scoring/rounds/2026-08-04T00%3A07%3A00%2B00%3A00/leaderboard,200,200
2026-08-03T22:55:00+00:00,https://api.theminos.ai/verification/round/2026-08-03T22%3A55%3A00%2B00%3A00,https://api.theminos.ai/scoring/rounds/2026-08-03T22%3A55%3A00%2B00%3A00/leaderboard,200,200
2026-08-03T21:43:00+00:00,https://api.theminos.ai/verification/round/2026-08-03T21%3A43%3A00%2B00%3A00,https://api.theminos.ai/scoring/rounds/2026-08-03T21%3A43%3A00%2B00%3A00/leaderboard,200,200
2026-08-03T20:31:00+00:00,https://api.theminos.ai/verification/round/2026-08-03T20%3A31%3A00%2B00%3A00,https://api.theminos.ai/scoring/rounds/2026-08-03T20%3A31%3A00%2B00%3A00/leaderboard,200,200
2026-08-03T19:19:00+00:00,https://api.theminos.ai/verification/round/2026-08-03T19%3A19%3A00%2B00%3A00,https://api.theminos.ai/scoring/rounds/2026-08-03T19%3A19%3A00%2B00%3A00/leaderboard,200,200
2026-08-03T18:07:00+00:00,https://api.theminos.ai/verification/round/2026-08-03T18%3A07%3A00%2B00%3A00,https://api.theminos.ai/scoring/rounds/2026-08-03T18%3A07%3A00%2B00%3A00/leaderboard,200,200
2026-08-03T16:55:00+00:00,https://api.theminos.ai/verification/round/2026-08-03T16%3A55%3A00%2B00%3A00,https://api.theminos.ai/scoring/rounds/2026-08-03T16%3A55%3A00%2B00%3A00/leaderboard,200,200
2026-08-03T15:43:00+00:00,https://api.theminos.ai/verification/round/2026-08-03T15%3A43%3A00%2B00%3A00,https://api.theminos.ai/scoring/rounds/2026-08-03T15%3A43%3A00%2B00%3A00/leaderboard,200,200
2026-08-03T14:31:00+00:00,https://api.theminos.ai/verification/round/2026-08-03T14%3A31%3A00%2B00%3A00,https://api.theminos.ai/scoring/rounds/2026-08-03T14%3A31%3A00%2B00%3A00/leaderboard,200,200
2026-08-03T13:19:00+00:00,https://api.theminos.ai/verification/round/2026-08-03T13%3A19%3A00%2B00%3A00,https://api.theminos.ai/scoring/rounds/2026-08-03T13%3A19%3A00%2B00%3A00/leaderboard,200,200
2026-08-03T12:07:00+00:00,https://api.theminos.ai/verification/round/2026-08-03T12%3A07%3A00%2B00%3A00,https://api.theminos.ai/scoring/rounds/2026-08-03T12%3A07%3A00%2B00%3A00/leaderboard,200,200
2026-08-03T10:55:00+00:00,https://api.theminos.ai/verification/round/2026-08-03T10%3A55%3A00%2B00%3A00,https://api.theminos.ai/scoring/rounds/2026-08-03T10%3A55%3A00%2B00%3A00/leaderboard,200,200
2026-08-03T09:43:00+00:00,https://api.theminos.ai/verification/round/2026-08-03T09%3A43%3A00%2B00%3A00,https://api.theminos.ai/scoring/rounds/2026-08-03T09%3A43%3A00%2B00%3A00/leaderboard,200,200
2026-08-03T08:31:00+00:00,https://api.theminos.ai/verification/round/2026-08-03T08%3A31%3A00%2B00%3A00,https://api.theminos.ai/scoring/rounds/2026-08-03T08%3A31%3A00%2B00%3A00/leaderboard,200,200
2026-08-03T07:19:00+00:00,https://api.theminos.ai/verification/round/2026-08-03T07%3A19%3A00%2B00%3A00,https://api.theminos.ai/scoring/rounds/2026-08-03T07%3A19%3A00%2B00%3A00/leaderboard,200,200
2026-08-03T06:07:00+00:00,https://api.theminos.ai/verification/round/2026-08-03T06%3A07%3A00%2B00%3A00,https://api.theminos.ai/scoring/rounds/2026-08-03T06%3A07%3A00%2B00%3A00/leaderboard,200,200
2026-08-03T04:55:00+00:00,https://api.theminos.ai/verification/round/2026-08-03T04%3A55%3A00%2B00%3A00,https://api.theminos.ai/scoring/rounds/2026-08-03T04%3A55%3A00%2B00%3A00/leaderboard,200,200
2026-08-03T03:43:00+00:00,https://api.theminos.ai/verification/round/2026-08-03T03%3A43%3A00%2B00%3A00,https://api.theminos.ai/scoring/rounds/2026-08-03T03%3A43%3A00%2B00%3A00/leaderboard,200,200
2026-08-03T02:31:00+00:00,https://api.theminos.ai/verification/round/2026-08-03T02%3A31%3A00%2B00%3A00,https://api.theminos.ai/scoring/rounds/2026-08-03T02%3A31%3A00%2B00%3A00/leaderboard,200,200
2026-08-03T01:19:00+00:00,https://api.theminos.ai/verification/round/2026-08-03T01%3A19%3A00%2B00%3A00,https://api.theminos.ai/scoring/rounds/2026-08-03T01%3A19%3A00%2B00%3A00/leaderboard,200,200
2026-08-03T00:07:00+00:00,https://api.theminos.ai/verification/round/2026-08-03T00%3A07%3A00%2B00%3A00,https://api.theminos.ai/scoring/rounds/2026-08-03T00%3A07%3A00%2B00%3A00/leaderboard,200,200
2026-08-02T22:55:00+00:00,https://api.theminos.ai/verification/round/2026-08-02T22%3A55%3A00%2B00%3A00,https://api.theminos.ai/scoring/rounds/2026-08-02T22%3A55%3A00%2B00%3A00/leaderboard,200,200
2026-08-02T21:43:00+00:00,https://api.theminos.ai/verification/round/2026-08-02T21%3A43%3A00%2B00%3A00,https://api.theminos.ai/scoring/rounds/2026-08-02T21%3A43%3A00%2B00%3A00/leaderboard,200,200
2026-08-02T20:31:00+00:00,https://api.theminos.ai/verification/round/2026-08-02T20%3A31%3A00%2B00%3A00,https://api.theminos.ai/scoring/rounds/2026-08-02T20%3A31%3A00%2B00%3A00/leaderboard,200,200
2026-08-02T19:19:00+00:00,https://api.theminos.ai/verification/round/2026-08-02T19%3A19%3A00%2B00%3A00,https://api.theminos.ai/scoring/rounds/2026-08-02T19%3A19%3A00%2B00%3A00/leaderboard,200,200
2026-08-02T18:07:00+00:00,https://api.theminos.ai/verification/round/2026-08-02T18%3A07%3A00%2B00%3A00,https://api.theminos.ai/scoring/rounds/2026-08-02T18%3A07%3A00%2B00%3A00/leaderboard,200,200
2026-08-02T16:55:00+00:00,https://api.theminos.ai/verification/round/2026-08-02T16%3A55%3A00%2B00%3A00,https://api.theminos.ai/scoring/rounds/2026-08-02T16%3A55%3A00%2B00%3A00/leaderboard,200,200
2026-08-02T15:43:00+00:00,https://api.theminos.ai/verification/round/2026-08-02T15%3A43%3A00%2B00%3A00,https://api.theminos.ai/scoring/rounds/2026-08-02T15%3A43%3A00%2B00%3A00/leaderboard,200,200
2026-08-02T14:31:00+00:00,https://api.theminos.ai/verification/round/2026-08-02T14%3A31%3A00%2B00%3A00,https://api.theminos.ai/scoring/rounds/2026-08-02T14%3A31%3A00%2B00%3A00/leaderboard,200,200
2026-08-02T13:19:00+00:00,https://api.theminos.ai/verification/round/2026-08-02T13%3A19%3A00%2B00%3A00,https://api.theminos.ai/scoring/rounds/2026-08-02T13%3A19%3A00%2B00%3A00/leaderboard,200,200
2026-08-02T12:07:00+00:00,https://api.theminos.ai/verification/round/2026-08-02T12%3A07%3A00%2B00%3A00,https://api.theminos.ai/scoring/rounds/2026-08-02T12%3A07%3A00%2B00%3A00/leaderboard,200,200
2026-08-02T10:55:00+00:00,https://api.theminos.ai/verification/round/2026-08-02T10%3A55%3A00%2B00%3A00,https://api.theminos.ai/scoring/rounds/2026-08-02T10%3A55%3A00%2B00%3A00/leaderboard,200,200
2026-08-02T09:43:00+00:00,https://api.theminos.ai/verification/round/2026-08-02T09%3A43%3A00%2B00%3A00,https://api.theminos.ai/scoring/rounds/2026-08-02T09%3A43%3A00%2B00%3A00/leaderboard,200,200
2026-08-02T08:31:00+00:00,https://api.theminos.ai/verification/round/2026-08-02T08%3A31%3A00%2B00%3A00,https://api.theminos.ai/scoring/rounds/2026-08-02T08%3A31%3A00%2B00%3A00/leaderboard,200,200
2026-08-02T07:19:00+00:00,https://api.theminos.ai/verification/round/2026-08-02T07%3A19%3A00%2B00%3A00,https://api.theminos.ai/scoring/rounds/2026-08-02T07%3A19%3A00%2B00%3A00/leaderboard,200,200
2026-08-02T06:07:00+00:00,https://api.theminos.ai/verification/round/2026-08-02T06%3A07%3A00%2B00%3A00,https://api.theminos.ai/scoring/rounds/2026-08-02T06%3A07%3A00%2B00%3A00/leaderboard,200,200
2026-08-02T04:55:00+00:00,https://api.theminos.ai/verification/round/2026-08-02T04%3A55%3A00%2B00%3A00,https://api.theminos.ai/scoring/rounds/2026-08-02T04%3A55%3A00%2B00%3A00/leaderboard,200,200
2026-08-02T03:43:00+00:00,https://api.theminos.ai/verification/round/2026-08-02T03%3A43%3A00%2B00%3A00,https://api.theminos.ai/scoring/rounds/2026-08-02T03%3A43%3A00%2B00%3A00/leaderboard,200,200
2026-08-02T02:31:00+00:00,https://api.theminos.ai/verification/round/2026-08-02T02%3A31%3A00%2B00%3A00,https://api.theminos.ai/scoring/rounds/2026-08-02T02%3A31%3A00%2B00%3A00/leaderboard,200,200
2026-08-02T01:19:00+00:00,https://api.theminos.ai/verification/round/2026-08-02T01%3A19%3A00%2B00%3A00,https://api.theminos.ai/scoring/rounds/2026-08-02T01%3A19%3A00%2B00%3A00/leaderboard,200,200
2026-08-02T00:07:00+00:00,https://api.theminos.ai/verification/round/2026-08-02T00%3A07%3A00%2B00%3A00,https://api.theminos.ai/scoring/rounds/2026-08-02T00%3A07%3A00%2B00%3A00/leaderboard,200,200
2026-08-01T22:55:00+00:00,https://api.theminos.ai/verification/round/2026-08-01T22%3A55%3A00%2B00%3A00,https://api.theminos.ai/scoring/rounds/2026-08-01T22%3A55%3A00%2B00%3A00/leaderboard,200,200
2026-08-01T21:43:00+00:00,https://api.theminos.ai/verification/round/2026-08-01T21%3A43%3A00%2B00%3A00,https://api.theminos.ai/scoring/rounds/2026-08-01T21%3A43%3A00%2B00%3A00/leaderboard,200,200
2026-08-01T20:31:00+00:00,https://api.theminos.ai/verification/round/2026-08-01T20%3A31%3A00%2B00%3A00,https://api.theminos.ai/scoring/rounds/2026-08-01T20%3A31%3A00%2B00%3A00/leaderboard,200,200
2026-08-01T19:19:00+00:00,https://api.theminos.ai/verification/round/2026-08-01T19%3A19%3A00%2B00%3A00,https://api.theminos.ai/scoring/rounds/2026-08-01T19%3A19%3A00%2B00%3A00/leaderboard,200,200
2026-08-01T18:07:00+00:00,https://api.theminos.ai/verification/round/2026-08-01T18%3A07%3A00%2B00%3A00,https://api.theminos.ai/scoring/rounds/2026-08-01T18%3A07%3A00%2B00%3A00/leaderboard,200,200
2026-08-01T16:55:00+00:00,https://api.theminos.ai/verification/round/2026-08-01T16%3A55%3A00%2B00%3A00,https://api.theminos.ai/scoring/rounds/2026-08-01T16%3A55%3A00%2B00%3A00/leaderboard,200,200
2026-08-01T15:43:00+00:00,https://api.theminos.ai/verification/round/2026-08-01T15%3A43%3A00%2B00%3A00,https://api.theminos.ai/scoring/rounds/2026-08-01T15%3A43%3A00%2B00%3A00/leaderboard,200,200
2026-08-01T14:31:00+00:00,https://api.theminos.ai/verification/round/2026-08-01T14%3A31%3A00%2B00%3A00,https://api.theminos.ai/scoring/rounds/2026-08-01T14%3A31%3A00%2B00%3A00/leaderboard,200,200
2026-08-01T13:19:00+00:00,https://api.theminos.ai/verification/round/2026-08-01T13%3A19%3A00%2B00%3A00,https://api.theminos.ai/scoring/rounds/2026-08-01T13%3A19%3A00%2B00%3A00/leaderboard,200,200
2026-08-01T12:07:00+00:00,https://api.theminos.ai/verification/round/2026-08-01T12%3A07%3A00%2B00%3A00,https://api.theminos.ai/scoring/rounds/2026-08-01T12%3A07%3A00%2B00%3A00/leaderboard,200,200
2026-08-01T10:55:00+00:00,https://api.theminos.ai/verification/round/2026-08-01T10%3A55%3A00%2B00%3A00,https://api.theminos.ai/scoring/rounds/2026-08-01T10%3A55%3A00%2B00%3A00/leaderboard,200,200
2026-08-01T09:43:00+00:00,https://api.theminos.ai/verification/round/2026-08-01T09%3A43%3A00%2B00%3A00,https://api.theminos.ai/scoring/rounds/2026-08-01T09%3A43%3A00%2B00%3A00/leaderboard,200,200
2026-08-01T08:31:00+00:00,https://api.theminos.ai/verification/round/2026-08-01T08%3A31%3A00%2B00%3A00,https://api.theminos.ai/scoring/rounds/2026-08-01T08%3A31%3A00%2B00%3A00/leaderboard,200,200
2026-08-01T07:19:00+00:00,https://api.theminos.ai/verification/round/2026-08-01T07%3A19%3A00%2B00%3A00,https://api.theminos.ai/scoring/rounds/2026-08-01T07%3A19%3A00%2B00%3A00/leaderboard,200,200
2026-08-01T06:07:00+00:00,https://api.theminos.ai/verification/round/2026-08-01T06%3A07%3A00%2B00%3A00,https://api.theminos.ai/scoring/rounds/2026-08-01T06%3A07%3A00%2B00%3A00/leaderboard,200,200
2026-08-01T04:55:00+00:00,https://api.theminos.ai/verification/round/2026-08-01T04%3A55%3A00%2B00%3A00,https://api.theminos.ai/scoring/rounds/2026-08-01T04%3A55%3A00%2B00%3A00/leaderboard,200,200
2026-08-01T03:43:00+00:00,https://api.theminos.ai/verification/round/2026-08-01T03%3A43%3A00%2B00%3A00,https://api.theminos.ai/scoring/rounds/2026-08-01T03%3A43%3A00%2B00%3A00/leaderboard,200,200
2026-08-01T02:16:00+00:00,https://api.theminos.ai/verification/round/2026-08-01T02%3A16%3A00%2B00%3A00,https://api.theminos.ai/scoring/rounds/2026-08-01T02%3A16%3A00%2B00%3A00/leaderboard,200,200
2026-08-01T01:04:00+00:00,https://api.theminos.ai/verification/round/2026-08-01T01%3A04%3A00%2B00%3A00,https://api.theminos.ai/scoring/rounds/2026-08-01T01%3A04%3A00%2B00%3A00/leaderboard,200,200
